date,Total_issue,closed_issue,ratio,scaled,Total_pull,changed_files
1/1/2020,5,5,1,1,0,0
2/1/2020,7,7,1,1,0,0
3/1/2020,11,11,1,1,1,5
4/1/2020,10,10,1,1,0,0
5/1/2020,22,22,1,1,0,0
6/1/2020,25,25,1,1,0,0
7/1/2020,62,62,1,1,2,2
8/1/2020,35,34,0.971428571,0.958803987,2,8
9/1/2020,71,70,0.985915493,0.979692106,2,4
10/1/2020,40,39,0.975,0.963953488,11,88
11/1/2020,61,59,0.967213115,0.952725886,20,68
12/1/2020,39,37,0.948717949,0.926058438,17,84
1/1/2021,55,53,0.963636364,0.94756871,14,116
2/1/2021,45,43,0.955555556,0.935917313,16,104
3/1/2021,44,42,0.954545455,0.934460888,10,49
4/1/2021,49,45,0.918367347,0.882297105,18,229
5/1/2021,70,64,0.914285714,0.87641196,14,70
6/1/2021,74,62,0.837837838,0.766184789,28,126
7/1/2021,40,35,0.875,0.819767442,10,44
8/1/2021,30,28,0.933333333,0.903875969,13,40
9/1/2021,76,59,0.776315789,0.67747858,26,502
10/1/2021,60,51,0.85,0.78372093,25,608
11/1/2021,70,61,0.871428571,0.81461794,26,328
12/1/2021,45,40,0.888888889,0.839793282,16,55
1/1/2022,81,67,0.827160494,0.750789549,41,397
2/1/2022,60,50,0.833333333,0.759689922,26,204
3/1/2022,44,37,0.840909091,0.770613108,19,796
4/1/2022,50,40,0.8,0.711627907,13,132
5/1/2022,49,42,0.857142857,0.794019934,32,266
6/1/2022,45,36,0.8,0.711627907,19,130
7/1/2022,85,56,0.658823529,0.508071135,45,273
8/1/2022,71,46,0.647887324,0.492302653,67,800
9/1/2022,63,37,0.587301587,0.404946475,36,336
10/1/2022,62,19,0.306451613,0,48,286
11/1/2022,0,0,0,0,9,55
