time,high,mid,low,not available
11/1/2015,5,2,1,0
12/1/2015,3,1,0,0
1/1/2016,22,0,0,0
2/1/2016,24,2,0,0
3/1/2016,13,0,0,0
4/1/2016,17,0,0,0
5/1/2016,27,0,1,0
6/1/2016,2,0,1,0
8/1/2016,18,0,1,0
9/1/2016,27,11,1,0
10/1/2016,21,0,0,1
11/1/2016,17,0,0,0
12/1/2016,74,3,1,1
1/1/2017,52,3,1,1
2/1/2017,86,2,0,0
3/1/2017,111,17,2,3
4/1/2017,69,0,0,1
5/1/2017,45,2,3,0
6/1/2017,111,10,5,1
7/1/2017,156,14,5,1
8/1/2017,170,6,13,3
9/1/2017,107,6,3,0
10/1/2017,106,18,4,1
11/1/2017,61,5,4,1
12/1/2017,92,2,0,3
1/1/2018,131,6,5,1
2/1/2018,178,3,2,0
3/1/2018,238,6,22,5
4/1/2018,80,8,0,3
5/1/2018,73,13,7,3
6/1/2018,64,18,7,2
7/1/2018,50,6,3,1
8/1/2018,49,14,0,5
9/1/2018,23,5,2,3
10/1/2018,46,15,6,1
11/1/2018,23,3,4,3
12/1/2018,12,5,6,1
1/1/2019,37,0,4,1
2/1/2019,42,10,7,2
3/1/2019,106,15,4,6
4/1/2019,57,21,8,5
5/1/2019,53,2,8,3
6/1/2019,26,0,2,4
7/1/2019,41,1,8,4
8/1/2019,44,18,5,3
9/1/2019,34,10,8,1
10/1/2019,35,8,10,2
11/1/2019,24,8,5,2
12/1/2019,4,2,0,4
1/1/2020,60,1,0,2
2/1/2020,69,3,4,0
3/1/2020,95,7,2,2
4/1/2020,67,5,14,5
5/1/2020,43,0,11,0
6/1/2020,105,1,6,1
7/1/2020,124,9,8,2
8/1/2020,74,9,12,2
9/1/2020,83,1,6,2
10/1/2020,70,5,4,4
11/1/2020,90,3,6,1
12/1/2020,74,2,0,4
1/1/2021,80,12,5,3
2/1/2021,47,16,12,3
3/1/2021,59,9,7,4
4/1/2021,34,10,6,3
5/1/2021,52,5,8,2
6/1/2021,52,5,6,1
7/1/2021,48,13,8,2
8/1/2021,47,9,3,7
9/1/2021,43,12,1,2
10/1/2021,35,1,4,2
11/1/2021,34,5,4,1
12/1/2021,22,2,3,3
1/1/2022,19,10,7,3
2/1/2022,28,3,10,1
3/1/2022,6,2,1,1
4/1/2022,2,1,0,1
5/1/2022,9,1,4,3
6/1/2022,17,9,1,3
7/1/2022,31,5,4,1
8/1/2022,5,0,7,4
9/1/2022,21,3,5,4
10/1/2022,11,0,4,6
11/1/2022,19,7,8,4
12/1/2022,14,0,9,0
1/1/2023,9,1,5,3
