Type,issue_id,State,pull_id,pull_link,merged,changed_files
pull,3159,b'open',3160,https://api.github.com/repos/deepchem/deepchem/pulls/3160,2023-01-05T12:44:47Z,1
pull,3159,b'open',3165,https://api.github.com/repos/deepchem/deepchem/pulls/3165,2023-01-09T16:31:21Z,2
pull,3159,b'open',3166,https://api.github.com/repos/deepchem/deepchem/pulls/3166,2023-01-09T18:20:39Z,1
pull,3159,b'open',3167,https://api.github.com/repos/deepchem/deepchem/pulls/3167,2023-01-09T16:06:06Z,2
pull,3159,b'open',3171,https://api.github.com/repos/deepchem/deepchem/pulls/3171,2023-01-10T17:44:33Z,1
pull,3159,b'open',3172,https://api.github.com/repos/deepchem/deepchem/pulls/3172,2023-01-12T15:36:51Z,1
pull,3159,b'open',3173,https://api.github.com/repos/deepchem/deepchem/pulls/3173,2023-01-11T16:16:09Z,24
pull,3159,b'open',3177,https://api.github.com/repos/deepchem/deepchem/pulls/3177,2023-01-17T13:05:47Z,2
pull,3159,b'open',3178,https://api.github.com/repos/deepchem/deepchem/pulls/3178,2023-01-17T12:59:07Z,15
pull,3159,b'open',3186,https://api.github.com/repos/deepchem/deepchem/pulls/3186,2023-01-18T15:47:29Z,5
pull,3159,b'open',3191,https://api.github.com/repos/deepchem/deepchem/pulls/3191,,2
pull,3159,b'open',3192,https://api.github.com/repos/deepchem/deepchem/pulls/3192,,2
pull,2930,b'open',3020,https://api.github.com/repos/deepchem/deepchem/pulls/3020,2022-08-10T05:32:33Z,3
pull,2930,b'open',3021,https://api.github.com/repos/deepchem/deepchem/pulls/3021,2022-08-08T16:35:46Z,3
pull,2930,b'open',3022,https://api.github.com/repos/deepchem/deepchem/pulls/3022,2022-08-08T16:16:54Z,3
pull,2930,b'open',3024,https://api.github.com/repos/deepchem/deepchem/pulls/3024,,2
pull,2930,b'open',3026,https://api.github.com/repos/deepchem/deepchem/pulls/3026,2022-08-09T05:11:18Z,4
pull,2930,b'open',3072,https://api.github.com/repos/deepchem/deepchem/pulls/3072,2022-09-30T02:34:33Z,2
pull,2930,b'open',3076,https://api.github.com/repos/deepchem/deepchem/pulls/3076,2022-10-21T09:50:01Z,2
pull,3154,b'open',3158,https://api.github.com/repos/deepchem/deepchem/pulls/3158,2023-01-04T13:35:27Z,2
pull,3130,b'closed',3157,https://api.github.com/repos/deepchem/deepchem/pulls/3157,,2
pull,3130,b'closed',3163,https://api.github.com/repos/deepchem/deepchem/pulls/3163,2023-01-09T13:07:23Z,2
pull,3117,b'closed',3152,https://api.github.com/repos/deepchem/deepchem/pulls/3152,2022-12-30T03:32:45Z,1
pull,3090,b'closed',3097,https://api.github.com/repos/deepchem/deepchem/pulls/3097,2022-12-23T15:37:18Z,2
pull,3119,b'closed',3127,https://api.github.com/repos/deepchem/deepchem/pulls/3127,2022-12-01T12:51:55Z,1
pull,657,b'closed',783,https://api.github.com/repos/deepchem/deepchem/pulls/783,2017-08-21T20:58:22Z,2
pull,3086,b'closed',3076,https://api.github.com/repos/deepchem/deepchem/pulls/3076,2022-10-21T09:50:01Z,2
pull,3085,b'closed',3101,https://api.github.com/repos/deepchem/deepchem/pulls/3101,2022-11-10T08:30:25Z,4
pull,3100,b'closed',3101,https://api.github.com/repos/deepchem/deepchem/pulls/3101,2022-11-10T08:30:25Z,4
pull,2893,b'closed',2897,https://api.github.com/repos/deepchem/deepchem/pulls/2897,2022-09-30T08:15:35Z,3
pull,3098,b'open',3105,https://api.github.com/repos/deepchem/deepchem/pulls/3105,2022-11-11T18:32:29Z,10
pull,3066,b'open',3095,https://api.github.com/repos/deepchem/deepchem/pulls/3095,,2
pull,2863,b'open',2918,https://api.github.com/repos/deepchem/deepchem/pulls/2918,2022-06-13T22:27:50Z,4
pull,2863,b'open',2944,https://api.github.com/repos/deepchem/deepchem/pulls/2944,2022-07-01T02:53:11Z,3
pull,2863,b'open',3075,https://api.github.com/repos/deepchem/deepchem/pulls/3075,,2
pull,2907,b'open',2908,https://api.github.com/repos/deepchem/deepchem/pulls/2908,2022-05-22T04:25:41Z,3
pull,2907,b'open',2914,https://api.github.com/repos/deepchem/deepchem/pulls/2914,2022-06-14T15:07:05Z,2
pull,3070,b'closed',3079,https://api.github.com/repos/deepchem/deepchem/pulls/3079,2022-10-16T09:19:20Z,1
pull,2894,b'closed',3080,https://api.github.com/repos/deepchem/deepchem/pulls/3080,2022-10-16T07:11:07Z,1
pull,3064,b'closed',3073,https://api.github.com/repos/deepchem/deepchem/pulls/3073,2022-10-04T06:28:23Z,7
pull,2989,b'open',3093,https://api.github.com/repos/deepchem/deepchem/pulls/3093,,6
pull,3048,b'closed',3063,https://api.github.com/repos/deepchem/deepchem/pulls/3063,2022-09-14T07:50:36Z,1
pull,3044,b'closed',3047,https://api.github.com/repos/deepchem/deepchem/pulls/3047,2022-09-12T07:59:28Z,2
pull,3054,b'closed',3056,https://api.github.com/repos/deepchem/deepchem/pulls/3056,2022-09-11T17:09:29Z,5
pull,3057,b'closed',3058,https://api.github.com/repos/deepchem/deepchem/pulls/3058,2022-09-06T16:39:33Z,2
pull,3002,b'open',3008,https://api.github.com/repos/deepchem/deepchem/pulls/3008,2022-07-26T15:53:30Z,1
pull,3006,b'closed',3007,https://api.github.com/repos/deepchem/deepchem/pulls/3007,2022-08-05T06:11:04Z,2
pull,1892,b'closed',2147,https://api.github.com/repos/deepchem/deepchem/pulls/2147,,53
pull,2990,b'closed',2991,https://api.github.com/repos/deepchem/deepchem/pulls/2991,2022-07-12T15:47:50Z,3
pull,2975,b'closed',2984,https://api.github.com/repos/deepchem/deepchem/pulls/2984,2022-07-08T05:12:21Z,1
pull,2986,b'closed',2988,https://api.github.com/repos/deepchem/deepchem/pulls/2988,2022-07-08T15:58:00Z,4
pull,2978,b'closed',2979,https://api.github.com/repos/deepchem/deepchem/pulls/2979,2022-07-06T16:27:34Z,2
pull,2861,b'closed',2947,https://api.github.com/repos/deepchem/deepchem/pulls/2947,2022-06-17T16:04:33Z,5
pull,2936,b'closed',2937,https://api.github.com/repos/deepchem/deepchem/pulls/2937,2022-06-10T16:04:40Z,1
pull,2915,b'closed',2916,https://api.github.com/repos/deepchem/deepchem/pulls/2916,2022-06-03T03:47:55Z,1
pull,2884,b'closed',2885,https://api.github.com/repos/deepchem/deepchem/pulls/2885,2022-04-08T02:13:38Z,2
pull,2849,b'closed',2862,https://api.github.com/repos/deepchem/deepchem/pulls/2862,,1
pull,2849,b'closed',2866,https://api.github.com/repos/deepchem/deepchem/pulls/2866,2022-03-18T16:44:35Z,2
pull,2827,b'closed',2828,https://api.github.com/repos/deepchem/deepchem/pulls/2828,2022-01-27T03:58:52Z,1
pull,2827,b'closed',2877,https://api.github.com/repos/deepchem/deepchem/pulls/2877,2022-02-27T14:24:41Z,1
pull,2824,b'open',2840,https://api.github.com/repos/deepchem/deepchem/pulls/2840,,5
pull,2106,b'open',2857,https://api.github.com/repos/deepchem/deepchem/pulls/2857,2022-03-18T17:32:14Z,2
pull,2853,b'open',2858,https://api.github.com/repos/deepchem/deepchem/pulls/2858,,2
pull,2809,b'closed',2815,https://api.github.com/repos/deepchem/deepchem/pulls/2815,2022-01-14T03:57:42Z,2
pull,2810,b'closed',2815,https://api.github.com/repos/deepchem/deepchem/pulls/2815,2022-01-14T03:57:42Z,2
pull,2770,b'closed',2817,https://api.github.com/repos/deepchem/deepchem/pulls/2817,2022-01-18T13:50:39Z,1
pull,2647,b'open',2814,https://api.github.com/repos/deepchem/deepchem/pulls/2814,2022-01-27T20:09:37Z,2
pull,2785,b'open',2795,https://api.github.com/repos/deepchem/deepchem/pulls/2795,2022-04-08T02:16:00Z,1
pull,2772,b'closed',2802,https://api.github.com/repos/deepchem/deepchem/pulls/2802,2022-01-08T13:55:47Z,2
pull,2782,b'closed',2789,https://api.github.com/repos/deepchem/deepchem/pulls/2789,2021-12-15T03:54:41Z,2
pull,2782,b'closed',2793,https://api.github.com/repos/deepchem/deepchem/pulls/2793,2022-01-06T16:44:29Z,24
pull,2617,b'closed',2724,https://api.github.com/repos/deepchem/deepchem/pulls/2724,2021-12-15T16:36:07Z,1
pull,2743,b'closed',2790,https://api.github.com/repos/deepchem/deepchem/pulls/2790,2021-12-15T16:34:57Z,3
pull,2716,b'closed',2789,https://api.github.com/repos/deepchem/deepchem/pulls/2789,2021-12-15T03:54:41Z,2
pull,1932,b'closed',1938,https://api.github.com/repos/deepchem/deepchem/pulls/1938,2020-07-09T19:38:41Z,6
pull,2050,b'closed',2113,https://api.github.com/repos/deepchem/deepchem/pulls/2113,2020-09-03T21:12:37Z,8
pull,2362,b'closed',2767,https://api.github.com/repos/deepchem/deepchem/pulls/2767,2021-12-07T17:21:17Z,12
pull,2521,b'closed',2768,https://api.github.com/repos/deepchem/deepchem/pulls/2768,2021-11-26T19:04:31Z,3
pull,2744,b'closed',2742,https://api.github.com/repos/deepchem/deepchem/pulls/2742,2021-11-09T16:37:07Z,8
pull,2548,b'closed',2556,https://api.github.com/repos/deepchem/deepchem/pulls/2556,,4
pull,2548,b'closed',2742,https://api.github.com/repos/deepchem/deepchem/pulls/2742,2021-11-09T16:37:07Z,8
pull,2498,b'closed',2742,https://api.github.com/repos/deepchem/deepchem/pulls/2742,2021-11-09T16:37:07Z,8
pull,2677,b'closed',2707,https://api.github.com/repos/deepchem/deepchem/pulls/2707,2021-11-04T17:30:50Z,4
pull,2781,b'open',2789,https://api.github.com/repos/deepchem/deepchem/pulls/2789,2021-12-15T03:54:41Z,2
pull,2727,b'closed',2740,https://api.github.com/repos/deepchem/deepchem/pulls/2740,2021-11-02T15:50:07Z,23
pull,2593,b'closed',2742,https://api.github.com/repos/deepchem/deepchem/pulls/2742,2021-11-09T16:37:07Z,8
pull,2778,b'open',2784,https://api.github.com/repos/deepchem/deepchem/pulls/2784,,6
pull,2778,b'open',2870,https://api.github.com/repos/deepchem/deepchem/pulls/2870,2022-03-02T16:42:51Z,5
pull,2776,b'open',2777,https://api.github.com/repos/deepchem/deepchem/pulls/2777,2021-12-04T05:03:29Z,1
pull,2553,b'open',2567,https://api.github.com/repos/deepchem/deepchem/pulls/2567,2021-06-28T01:44:23Z,7
pull,1798,b'closed',1792,https://api.github.com/repos/deepchem/deepchem/pulls/1792,,168
pull,1798,b'closed',2769,https://api.github.com/repos/deepchem/deepchem/pulls/2769,2021-11-26T18:54:22Z,2
pull,2363,b'closed',2766,https://api.github.com/repos/deepchem/deepchem/pulls/2766,2021-11-23T17:18:21Z,1
pull,2761,b'open',2760,https://api.github.com/repos/deepchem/deepchem/pulls/2760,,1
pull,2761,b'open',2774,https://api.github.com/repos/deepchem/deepchem/pulls/2774,2021-11-30T16:38:49Z,7
pull,2758,b'open',2759,https://api.github.com/repos/deepchem/deepchem/pulls/2759,2021-11-17T16:44:03Z,1
pull,2747,b'open',2756,https://api.github.com/repos/deepchem/deepchem/pulls/2756,,1
pull,2373,b'open',2374,https://api.github.com/repos/deepchem/deepchem/pulls/2374,,7
pull,2373,b'open',2406,https://api.github.com/repos/deepchem/deepchem/pulls/2406,2021-02-23T21:06:55Z,8
pull,2753,b'open',2898,https://api.github.com/repos/deepchem/deepchem/pulls/2898,,1
pull,1977,b'open',2062,https://api.github.com/repos/deepchem/deepchem/pulls/2062,2020-08-13T21:33:23Z,58
pull,2737,b'closed',2741,https://api.github.com/repos/deepchem/deepchem/pulls/2741,2021-11-05T17:51:04Z,4
pull,2629,b'closed',2740,https://api.github.com/repos/deepchem/deepchem/pulls/2740,2021-11-02T15:50:07Z,23
pull,2613,b'closed',2740,https://api.github.com/repos/deepchem/deepchem/pulls/2740,2021-11-02T15:50:07Z,23
pull,2730,b'closed',2732,https://api.github.com/repos/deepchem/deepchem/pulls/2732,2021-10-26T02:52:35Z,7
pull,2730,b'closed',2733,https://api.github.com/repos/deepchem/deepchem/pulls/2733,2021-10-26T18:26:53Z,3
pull,2600,b'closed',2725,https://api.github.com/repos/deepchem/deepchem/pulls/2725,2021-10-26T17:02:19Z,2
pull,2057,b'closed',2096,https://api.github.com/repos/deepchem/deepchem/pulls/2096,2020-08-16T06:02:02Z,8
pull,2237,b'closed',2236,https://api.github.com/repos/deepchem/deepchem/pulls/2236,2020-10-21T17:29:46Z,2
pull,2717,b'closed',2719,https://api.github.com/repos/deepchem/deepchem/pulls/2719,,15
pull,2717,b'closed',2720,https://api.github.com/repos/deepchem/deepchem/pulls/2720,2021-10-15T20:32:05Z,2
pull,2640,b'closed',2650,https://api.github.com/repos/deepchem/deepchem/pulls/2650,,6
pull,2640,b'closed',2713,https://api.github.com/repos/deepchem/deepchem/pulls/2713,2021-10-15T02:54:05Z,2
pull,2688,b'closed',2698,https://api.github.com/repos/deepchem/deepchem/pulls/2698,2021-09-21T17:20:52Z,1
pull,2359,b'closed',2360,https://api.github.com/repos/deepchem/deepchem/pulls/2360,2021-01-19T00:09:28Z,7
pull,2379,b'closed',2381,https://api.github.com/repos/deepchem/deepchem/pulls/2381,,2
pull,2389,b'closed',2484,https://api.github.com/repos/deepchem/deepchem/pulls/2484,2021-04-20T05:15:28Z,4
pull,2389,b'closed',2496,https://api.github.com/repos/deepchem/deepchem/pulls/2496,2021-05-03T19:55:15Z,7
pull,2389,b'closed',2508,https://api.github.com/repos/deepchem/deepchem/pulls/2508,2021-05-20T03:47:19Z,7
pull,2478,b'closed',2479,https://api.github.com/repos/deepchem/deepchem/pulls/2479,2021-04-21T07:59:10Z,3
pull,2478,b'closed',2480,https://api.github.com/repos/deepchem/deepchem/pulls/2480,,3
pull,2478,b'closed',2488,https://api.github.com/repos/deepchem/deepchem/pulls/2488,2021-05-05T22:08:52Z,6
pull,2478,b'closed',2493,https://api.github.com/repos/deepchem/deepchem/pulls/2493,2021-05-05T00:48:49Z,6
pull,2478,b'closed',2497,https://api.github.com/repos/deepchem/deepchem/pulls/2497,2021-05-09T22:20:53Z,3
pull,2588,b'open',2591,https://api.github.com/repos/deepchem/deepchem/pulls/2591,2021-07-13T17:36:16Z,7
pull,2588,b'open',2603,https://api.github.com/repos/deepchem/deepchem/pulls/2603,,1
pull,2588,b'open',2605,https://api.github.com/repos/deepchem/deepchem/pulls/2605,2021-07-16T19:02:40Z,1
pull,2150,b'open',2136,https://api.github.com/repos/deepchem/deepchem/pulls/2136,2020-09-10T00:59:30Z,48
pull,2672,b'open',2658,https://api.github.com/repos/deepchem/deepchem/pulls/2658,2021-09-11T19:47:41Z,8
pull,2665,b'closed',2671,https://api.github.com/repos/deepchem/deepchem/pulls/2671,2021-08-24T18:06:17Z,2
pull,2633,b'closed',2664,https://api.github.com/repos/deepchem/deepchem/pulls/2664,2021-08-23T20:10:22Z,2
pull,2611,b'closed',2618,https://api.github.com/repos/deepchem/deepchem/pulls/2618,2021-08-03T16:13:20Z,10
pull,2612,b'closed',2614,https://api.github.com/repos/deepchem/deepchem/pulls/2614,2021-07-25T02:04:51Z,1
pull,2615,b'closed',2620,https://api.github.com/repos/deepchem/deepchem/pulls/2620,2021-07-25T02:04:07Z,1
pull,2490,b'closed',2595,https://api.github.com/repos/deepchem/deepchem/pulls/2595,2021-07-14T16:56:19Z,2
pull,2580,b'open',2577,https://api.github.com/repos/deepchem/deepchem/pulls/2577,,9
pull,2594,b'open',2786,https://api.github.com/repos/deepchem/deepchem/pulls/2786,2022-01-06T20:36:52Z,1
pull,2594,b'open',2826,https://api.github.com/repos/deepchem/deepchem/pulls/2826,2022-03-21T16:09:54Z,2
pull,2564,b'closed',2568,https://api.github.com/repos/deepchem/deepchem/pulls/2568,2021-06-25T22:07:39Z,8
pull,2564,b'closed',2590,https://api.github.com/repos/deepchem/deepchem/pulls/2590,2021-07-09T21:53:58Z,1
pull,1909,b'closed',1934,https://api.github.com/repos/deepchem/deepchem/pulls/1934,2020-06-30T00:05:59Z,5
pull,2513,b'open',2532,https://api.github.com/repos/deepchem/deepchem/pulls/2532,,14
pull,2552,b'open',2559,https://api.github.com/repos/deepchem/deepchem/pulls/2559,2021-06-21T18:25:01Z,9
pull,2561,b'closed',2560,https://api.github.com/repos/deepchem/deepchem/pulls/2560,2021-06-22T21:49:29Z,17
pull,2561,b'closed',2563,https://api.github.com/repos/deepchem/deepchem/pulls/2563,2021-06-30T23:34:18Z,23
pull,2561,b'closed',2567,https://api.github.com/repos/deepchem/deepchem/pulls/2567,2021-06-28T01:44:23Z,7
pull,2422,b'closed',2428,https://api.github.com/repos/deepchem/deepchem/pulls/2428,,4
pull,2422,b'closed',2538,https://api.github.com/repos/deepchem/deepchem/pulls/2538,2021-06-22T01:23:08Z,2
pull,2023,b'open',2026,https://api.github.com/repos/deepchem/deepchem/pulls/2026,2020-07-20T02:36:52Z,8
pull,2023,b'open',2032,https://api.github.com/repos/deepchem/deepchem/pulls/2032,,3
pull,2330,b'open',2483,https://api.github.com/repos/deepchem/deepchem/pulls/2483,2021-07-25T03:24:26Z,1
pull,2330,b'open',2557,https://api.github.com/repos/deepchem/deepchem/pulls/2557,,8
pull,2330,b'open',2706,https://api.github.com/repos/deepchem/deepchem/pulls/2706,,3
pull,2519,b'closed',2524,https://api.github.com/repos/deepchem/deepchem/pulls/2524,2021-06-04T19:07:31Z,1
pull,2517,b'open',2518,https://api.github.com/repos/deepchem/deepchem/pulls/2518,,5
pull,2517,b'open',2508,https://api.github.com/repos/deepchem/deepchem/pulls/2508,2021-05-20T03:47:19Z,7
pull,2517,b'open',2531,https://api.github.com/repos/deepchem/deepchem/pulls/2531,,16
pull,2515,b'closed',2525,https://api.github.com/repos/deepchem/deepchem/pulls/2525,2021-06-26T07:49:00Z,18
pull,2514,b'open',2786,https://api.github.com/repos/deepchem/deepchem/pulls/2786,2022-01-06T20:36:52Z,1
pull,2511,b'closed',2516,https://api.github.com/repos/deepchem/deepchem/pulls/2516,2021-05-13T15:28:45Z,4
pull,2504,b'open',2414,https://api.github.com/repos/deepchem/deepchem/pulls/2414,,6
pull,2481,b'closed',2482,https://api.github.com/repos/deepchem/deepchem/pulls/2482,2021-04-20T05:13:02Z,1
pull,2494,b'closed',2495,https://api.github.com/repos/deepchem/deepchem/pulls/2495,,12
pull,631,b'open',635,https://api.github.com/repos/deepchem/deepchem/pulls/635,2017-07-06T22:04:54Z,4
pull,631,b'open',2501,https://api.github.com/repos/deepchem/deepchem/pulls/2501,,4
pull,2472,b'closed',2473,https://api.github.com/repos/deepchem/deepchem/pulls/2473,2021-04-13T22:46:16Z,1
pull,2430,b'closed',2442,https://api.github.com/repos/deepchem/deepchem/pulls/2442,2021-04-06T18:32:11Z,2
pull,2067,b'closed',2068,https://api.github.com/repos/deepchem/deepchem/pulls/2068,2020-08-05T05:16:42Z,6
pull,2067,b'closed',2446,https://api.github.com/repos/deepchem/deepchem/pulls/2446,2021-04-06T17:57:32Z,4
pull,2457,b'closed',2458,https://api.github.com/repos/deepchem/deepchem/pulls/2458,2021-04-05T18:49:52Z,2
pull,2444,b'closed',2445,https://api.github.com/repos/deepchem/deepchem/pulls/2445,2021-04-02T17:41:03Z,1
pull,2214,b'open',2356,https://api.github.com/repos/deepchem/deepchem/pulls/2356,2021-01-27T20:57:15Z,3
pull,2438,b'closed',2441,https://api.github.com/repos/deepchem/deepchem/pulls/2441,2021-03-17T06:02:41Z,2
pull,2425,b'closed',2429,https://api.github.com/repos/deepchem/deepchem/pulls/2429,2021-03-09T22:58:15Z,4
pull,2217,b'open',2151,https://api.github.com/repos/deepchem/deepchem/pulls/2151,2020-10-15T02:00:27Z,6
pull,2217,b'open',2218,https://api.github.com/repos/deepchem/deepchem/pulls/2218,2020-10-15T05:53:23Z,1
pull,2217,b'open',2219,https://api.github.com/repos/deepchem/deepchem/pulls/2219,2020-10-15T15:21:10Z,4
pull,2217,b'open',2224,https://api.github.com/repos/deepchem/deepchem/pulls/2224,2020-10-16T06:38:08Z,2
pull,2217,b'open',2235,https://api.github.com/repos/deepchem/deepchem/pulls/2235,2020-10-21T04:27:44Z,3
pull,2217,b'open',2239,https://api.github.com/repos/deepchem/deepchem/pulls/2239,2020-10-22T04:09:03Z,4
pull,2217,b'open',2258,https://api.github.com/repos/deepchem/deepchem/pulls/2258,2020-10-31T13:36:55Z,2
pull,2217,b'open',2270,https://api.github.com/repos/deepchem/deepchem/pulls/2270,2020-11-04T00:54:05Z,1
pull,2217,b'open',2276,https://api.github.com/repos/deepchem/deepchem/pulls/2276,2020-11-04T07:09:19Z,2
pull,2366,b'closed',2423,https://api.github.com/repos/deepchem/deepchem/pulls/2423,2021-03-05T15:49:31Z,4
pull,2403,b'open',2407,https://api.github.com/repos/deepchem/deepchem/pulls/2407,2021-02-23T20:42:15Z,6
pull,2403,b'open',2412,https://api.github.com/repos/deepchem/deepchem/pulls/2412,2021-02-25T19:36:52Z,3
pull,2403,b'open',2424,https://api.github.com/repos/deepchem/deepchem/pulls/2424,2021-03-05T03:07:29Z,5
pull,2413,b'closed',2415,https://api.github.com/repos/deepchem/deepchem/pulls/2415,2021-02-26T21:10:33Z,1
pull,2410,b'open',2414,https://api.github.com/repos/deepchem/deepchem/pulls/2414,,6
pull,2353,b'open',2768,https://api.github.com/repos/deepchem/deepchem/pulls/2768,2021-11-26T19:04:31Z,3
pull,2355,b'closed',2402,https://api.github.com/repos/deepchem/deepchem/pulls/2402,2021-02-19T19:19:23Z,1
pull,2372,b'closed',2380,https://api.github.com/repos/deepchem/deepchem/pulls/2380,2021-02-15T19:56:16Z,10
pull,2395,b'closed',2396,https://api.github.com/repos/deepchem/deepchem/pulls/2396,2021-02-12T22:37:45Z,1
pull,2350,b'open',2391,https://api.github.com/repos/deepchem/deepchem/pulls/2391,,3
pull,2350,b'open',2760,https://api.github.com/repos/deepchem/deepchem/pulls/2760,,1
pull,2384,b'closed',2387,https://api.github.com/repos/deepchem/deepchem/pulls/2387,2021-02-05T23:03:07Z,1
pull,2324,b'closed',2325,https://api.github.com/repos/deepchem/deepchem/pulls/2325,2020-12-18T04:11:15Z,3
pull,1198,b'open',2505,https://api.github.com/repos/deepchem/deepchem/pulls/2505,,5
pull,2376,b'closed',2377,https://api.github.com/repos/deepchem/deepchem/pulls/2377,2021-02-01T01:10:39Z,2
pull,2194,b'closed',2370,https://api.github.com/repos/deepchem/deepchem/pulls/2370,2021-01-27T03:50:38Z,5
pull,2343,b'closed',2358,https://api.github.com/repos/deepchem/deepchem/pulls/2358,2021-01-16T00:05:19Z,4
pull,1868,b'closed',2340,https://api.github.com/repos/deepchem/deepchem/pulls/2340,2021-01-19T01:02:28Z,2
pull,1978,b'closed',2166,https://api.github.com/repos/deepchem/deepchem/pulls/2166,2020-09-16T04:37:56Z,1
pull,2289,b'closed',2294,https://api.github.com/repos/deepchem/deepchem/pulls/2294,2020-12-20T00:09:00Z,47
pull,1883,b'closed',2053,https://api.github.com/repos/deepchem/deepchem/pulls/2053,2020-07-28T18:13:06Z,30
pull,2334,b'open',2351,https://api.github.com/repos/deepchem/deepchem/pulls/2351,2021-01-13T00:00:32Z,3
pull,2348,b'open',2364,https://api.github.com/repos/deepchem/deepchem/pulls/2364,2021-01-29T13:58:33Z,1
pull,2248,b'closed',2349,https://api.github.com/repos/deepchem/deepchem/pulls/2349,2021-01-12T20:09:39Z,1
pull,2266,b'open',2264,https://api.github.com/repos/deepchem/deepchem/pulls/2264,2020-11-02T03:51:51Z,39
pull,2323,b'closed',2328,https://api.github.com/repos/deepchem/deepchem/pulls/2328,2020-12-22T22:34:34Z,6
pull,2279,b'closed',2326,https://api.github.com/repos/deepchem/deepchem/pulls/2326,2020-12-17T19:58:00Z,3
pull,1752,b'closed',1757,https://api.github.com/repos/deepchem/deepchem/pulls/1757,,2
pull,1861,b'closed',2,https://api.github.com/repos/conda-forge/deepchem-feedstock/pulls/2,2020-05-29T08:33:32Z,1
pull,1861,b'closed',1871,https://api.github.com/repos/deepchem/deepchem/pulls/1871,2020-06-04T00:36:10Z,15
pull,2192,b'open',2213,https://api.github.com/repos/deepchem/deepchem/pulls/2213,2020-10-20T20:49:48Z,6
pull,2281,b'closed',2283,https://api.github.com/repos/deepchem/deepchem/pulls/2283,2020-11-05T20:22:41Z,1
pull,2265,b'closed',2264,https://api.github.com/repos/deepchem/deepchem/pulls/2264,2020-11-02T03:51:51Z,39
pull,2230,b'open',2378,https://api.github.com/repos/deepchem/deepchem/pulls/2378,,2
pull,2006,b'closed',2234,https://api.github.com/repos/deepchem/deepchem/pulls/2234,2020-10-30T22:30:56Z,13
pull,2245,b'closed',2246,https://api.github.com/repos/deepchem/deepchem/pulls/2246,2020-10-26T22:27:37Z,3
pull,2205,b'closed',2215,https://api.github.com/repos/deepchem/deepchem/pulls/2215,2020-10-21T07:44:50Z,16
pull,2226,b'closed',2228,https://api.github.com/repos/deepchem/deepchem/pulls/2228,2020-10-19T03:53:46Z,2
pull,2160,b'open',2249,https://api.github.com/repos/deepchem/deepchem/pulls/2249,2020-11-03T01:15:16Z,9
pull,2196,b'closed',2197,https://api.github.com/repos/deepchem/deepchem/pulls/2197,2020-10-13T17:18:34Z,12
pull,2198,b'closed',2200,https://api.github.com/repos/deepchem/deepchem/pulls/2200,2020-10-05T20:31:46Z,3
pull,2193,b'open',2195,https://api.github.com/repos/deepchem/deepchem/pulls/2195,2020-10-01T09:21:01Z,1
pull,2172,b'closed',2176,https://api.github.com/repos/deepchem/deepchem/pulls/2176,2020-09-17T02:42:48Z,1
pull,2158,b'closed',2165,https://api.github.com/repos/deepchem/deepchem/pulls/2165,2020-09-17T02:41:03Z,2
pull,1829,b'open',2109,https://api.github.com/repos/deepchem/deepchem/pulls/2109,2020-09-02T02:00:03Z,17
pull,2162,b'closed',2163,https://api.github.com/repos/deepchem/deepchem/pulls/2163,2020-09-12T19:27:31Z,10
pull,2154,b'closed',2157,https://api.github.com/repos/deepchem/deepchem/pulls/2157,2020-09-09T20:27:30Z,2
pull,2142,b'closed',2141,https://api.github.com/repos/deepchem/deepchem/pulls/2141,2020-09-04T02:33:55Z,2
pull,2135,b'closed',2139,https://api.github.com/repos/deepchem/deepchem/pulls/2139,2020-09-03T21:25:15Z,2
pull,2126,b'closed',2132,https://api.github.com/repos/deepchem/deepchem/pulls/2132,2020-09-01T18:10:10Z,1
pull,2007,b'open',2199,https://api.github.com/repos/deepchem/deepchem/pulls/2199,2020-10-02T22:59:42Z,6
pull,2009,b'closed',2019,https://api.github.com/repos/deepchem/deepchem/pulls/2019,,9
pull,2005,b'closed',2008,https://api.github.com/repos/deepchem/deepchem/pulls/2008,2020-07-15T19:11:41Z,4
pull,2059,b'closed',2071,https://api.github.com/repos/deepchem/deepchem/pulls/2071,2020-08-12T17:37:58Z,14
pull,2076,b'open',2113,https://api.github.com/repos/deepchem/deepchem/pulls/2113,2020-09-03T21:12:37Z,8
pull,1944,b'closed',2060,https://api.github.com/repos/deepchem/deepchem/pulls/2060,2020-07-31T00:26:06Z,3
pull,2056,b'closed',2061,https://api.github.com/repos/deepchem/deepchem/pulls/2061,2020-07-30T19:21:10Z,2
pull,2058,b'closed',2060,https://api.github.com/repos/deepchem/deepchem/pulls/2060,2020-07-31T00:26:06Z,3
pull,2014,b'open',2025,https://api.github.com/repos/deepchem/deepchem/pulls/2025,2020-07-22T19:28:42Z,3
pull,2047,b'open',2044,https://api.github.com/repos/deepchem/deepchem/pulls/2044,2020-07-25T00:05:48Z,20
pull,1942,b'open',15,https://api.github.com/repos/deepchem/jaxchem/pulls/15,2020-07-14T18:22:21Z,3
pull,1942,b'open',2012,https://api.github.com/repos/deepchem/deepchem/pulls/2012,2020-07-19T00:20:29Z,4
pull,1942,b'open',2109,https://api.github.com/repos/deepchem/deepchem/pulls/2109,2020-09-02T02:00:03Z,17
pull,1942,b'open',2249,https://api.github.com/repos/deepchem/deepchem/pulls/2249,2020-11-03T01:15:16Z,9
pull,2022,b'closed',2025,https://api.github.com/repos/deepchem/deepchem/pulls/2025,2020-07-22T19:28:42Z,3
pull,2037,b'open',2025,https://api.github.com/repos/deepchem/deepchem/pulls/2025,2020-07-22T19:28:42Z,3
pull,1990,b'closed',1979,https://api.github.com/repos/deepchem/deepchem/pulls/1979,2020-07-15T19:10:34Z,15
pull,1990,b'closed',2024,https://api.github.com/repos/deepchem/deepchem/pulls/2024,2020-07-20T17:42:22Z,20
pull,1806,b'closed',1839,https://api.github.com/repos/deepchem/deepchem/pulls/1839,2020-05-06T15:47:16Z,4
pull,1806,b'closed',1844,https://api.github.com/repos/deepchem/deepchem/pulls/1844,2020-05-12T00:27:53Z,6
pull,2029,b'open',2026,https://api.github.com/repos/deepchem/deepchem/pulls/2026,2020-07-20T02:36:52Z,8
pull,1941,b'closed',1938,https://api.github.com/repos/deepchem/deepchem/pulls/1938,2020-07-09T19:38:41Z,6
pull,1754,b'open',1878,https://api.github.com/repos/deepchem/deepchem/pulls/1878,2020-07-03T01:32:23Z,14
pull,1350,b'closed',1429,https://api.github.com/repos/deepchem/deepchem/pulls/1429,2018-10-09T20:17:45Z,2
pull,1955,b'closed',1960,https://api.github.com/repos/deepchem/deepchem/pulls/1960,2020-07-03T20:19:02Z,2
pull,1955,b'closed',1963,https://api.github.com/repos/deepchem/deepchem/pulls/1963,2020-07-03T21:25:35Z,1
pull,1955,b'closed',1986,https://api.github.com/repos/deepchem/deepchem/pulls/1986,2020-07-08T20:33:35Z,4
pull,1880,b'closed',1871,https://api.github.com/repos/deepchem/deepchem/pulls/1871,2020-06-04T00:36:10Z,15
pull,1951,b'open',1878,https://api.github.com/repos/deepchem/deepchem/pulls/1878,2020-07-03T01:32:23Z,14
pull,1939,b'closed',1949,https://api.github.com/repos/deepchem/deepchem/pulls/1949,2020-07-02T23:02:01Z,1
pull,1946,b'closed',1947,https://api.github.com/repos/deepchem/deepchem/pulls/1947,2020-07-02T21:21:20Z,1
pull,1943,b'open',1878,https://api.github.com/repos/deepchem/deepchem/pulls/1878,2020-07-03T01:32:23Z,14
pull,1930,b'closed',1934,https://api.github.com/repos/deepchem/deepchem/pulls/1934,2020-06-30T00:05:59Z,5
pull,1935,b'open',2010,https://api.github.com/repos/deepchem/deepchem/pulls/2010,2020-07-17T00:06:08Z,9
pull,1914,b'open',1878,https://api.github.com/repos/deepchem/deepchem/pulls/1878,2020-07-03T01:32:23Z,14
pull,1760,b'open',1916,https://api.github.com/repos/deepchem/deepchem/pulls/1916,2020-06-29T17:44:01Z,7
pull,1919,b'closed',1920,https://api.github.com/repos/deepchem/deepchem/pulls/1920,2020-06-24T19:08:41Z,1
pull,1850,b'open',2095,https://api.github.com/repos/deepchem/deepchem/pulls/2095,,2
pull,1891,b'closed',1896,https://api.github.com/repos/deepchem/deepchem/pulls/1896,2020-06-16T00:15:35Z,1
pull,1885,b'closed',1863,https://api.github.com/repos/deepchem/deepchem/pulls/1863,2020-06-13T01:23:42Z,29
pull,1728,b'closed',1781,https://api.github.com/repos/deepchem/deepchem/pulls/1781,,2
pull,1728,b'closed',1782,https://api.github.com/repos/deepchem/deepchem/pulls/1782,2020-04-17T01:08:54Z,1
pull,1528,b'closed',1558,https://api.github.com/repos/deepchem/deepchem/pulls/1558,,1
pull,1528,b'closed',1874,https://api.github.com/repos/deepchem/deepchem/pulls/1874,2020-05-30T08:51:49Z,4
pull,1767,b'open',1789,https://api.github.com/repos/deepchem/deepchem/pulls/1789,2020-03-28T22:47:24Z,15
pull,1799,b'open',1792,https://api.github.com/repos/deepchem/deepchem/pulls/1792,,168
pull,1809,b'open',1828,https://api.github.com/repos/deepchem/deepchem/pulls/1828,2020-04-30T05:29:10Z,2
pull,1809,b'open',1832,https://api.github.com/repos/deepchem/deepchem/pulls/1832,2020-05-01T02:59:20Z,2
pull,1809,b'open',1837,https://api.github.com/repos/deepchem/deepchem/pulls/1837,2020-05-02T06:35:59Z,2
pull,1816,b'closed',1844,https://api.github.com/repos/deepchem/deepchem/pulls/1844,2020-05-12T00:27:53Z,6
pull,1816,b'closed',1792,https://api.github.com/repos/deepchem/deepchem/pulls/1792,,168
pull,1853,b'closed',1854,https://api.github.com/repos/deepchem/deepchem/pulls/1854,2020-05-15T01:11:02Z,3
pull,1855,b'closed',1858,https://api.github.com/repos/deepchem/deepchem/pulls/1858,2020-05-18T18:21:05Z,2
pull,1855,b'closed',1859,https://api.github.com/repos/deepchem/deepchem/pulls/1859,2020-05-19T16:39:02Z,4
pull,1807,b'closed',1839,https://api.github.com/repos/deepchem/deepchem/pulls/1839,2020-05-06T15:47:16Z,4
pull,1810,b'closed',1839,https://api.github.com/repos/deepchem/deepchem/pulls/1839,2020-05-06T15:47:16Z,4
pull,1412,b'open',1413,https://api.github.com/repos/deepchem/deepchem/pulls/1413,2018-09-27T18:30:22Z,1
pull,1800,b'closed',1803,https://api.github.com/repos/deepchem/deepchem/pulls/1803,2020-04-14T22:02:46Z,2
pull,1657,b'closed',1797,https://api.github.com/repos/deepchem/deepchem/pulls/1797,2020-04-11T00:37:03Z,2
pull,1142,b'closed',1151,https://api.github.com/repos/deepchem/deepchem/pulls/1151,2018-03-23T18:05:50Z,5
pull,1142,b'closed',1473,https://api.github.com/repos/deepchem/deepchem/pulls/1473,2018-12-26T21:25:05Z,3
pull,1142,b'closed',1475,https://api.github.com/repos/deepchem/deepchem/pulls/1475,2019-01-01T00:52:16Z,2
pull,1771,b'closed',1773,https://api.github.com/repos/deepchem/deepchem/pulls/1773,2020-03-09T23:58:48Z,4
pull,1384,b'closed',1385,https://api.github.com/repos/deepchem/deepchem/pulls/1385,2018-09-12T18:59:16Z,2
pull,747,b'closed',1173,https://api.github.com/repos/deepchem/deepchem/pulls/1173,,5
pull,747,b'closed',1596,https://api.github.com/repos/deepchem/deepchem/pulls/1596,2019-05-17T19:56:05Z,4
pull,1734,b'closed',1779,https://api.github.com/repos/deepchem/deepchem/pulls/1779,2020-03-16T21:11:53Z,4
pull,1732,b'closed',1733,https://api.github.com/repos/deepchem/deepchem/pulls/1733,2020-03-09T18:09:04Z,73
pull,1716,b'closed',1769,https://api.github.com/repos/deepchem/deepchem/pulls/1769,2020-03-08T22:52:55Z,2
pull,1570,b'closed',1522,https://api.github.com/repos/deepchem/deepchem/pulls/1522,,1
pull,1390,b'closed',1638,https://api.github.com/repos/deepchem/deepchem/pulls/1638,2019-07-26T19:49:41Z,9
pull,1185,b'closed',1447,https://api.github.com/repos/deepchem/deepchem/pulls/1447,2018-11-22T05:10:02Z,2
pull,1297,b'closed',1298,https://api.github.com/repos/deepchem/deepchem/pulls/1298,2018-06-23T08:45:23Z,6
pull,1297,b'closed',1305,https://api.github.com/repos/deepchem/deepchem/pulls/1305,2018-07-05T23:13:34Z,2
pull,1297,b'closed',1307,https://api.github.com/repos/deepchem/deepchem/pulls/1307,2018-07-08T02:31:09Z,3
pull,1297,b'closed',1308,https://api.github.com/repos/deepchem/deepchem/pulls/1308,2018-07-08T18:25:34Z,5
pull,1297,b'closed',1310,https://api.github.com/repos/deepchem/deepchem/pulls/1310,2018-07-08T17:52:48Z,1
pull,1681,b'closed',1686,https://api.github.com/repos/deepchem/deepchem/pulls/1686,2019-12-22T03:34:41Z,2
pull,1738,b'closed',1751,https://api.github.com/repos/deepchem/deepchem/pulls/1751,2020-03-04T21:44:32Z,2
pull,1693,b'closed',19,https://api.github.com/repos/deepchem/deepchem.io/pulls/19,2020-02-29T15:51:20Z,1
pull,1110,b'closed',1471,https://api.github.com/repos/deepchem/deepchem/pulls/1471,,1
pull,1461,b'closed',1578,https://api.github.com/repos/deepchem/deepchem/pulls/1578,2019-04-24T00:01:47Z,5
pull,1461,b'closed',1583,https://api.github.com/repos/deepchem/deepchem/pulls/1583,2019-05-02T19:01:54Z,13
pull,1351,b'closed',1125,https://api.github.com/repos/deepchem/deepchem/pulls/1125,,1
pull,1705,b'closed',1713,https://api.github.com/repos/deepchem/deepchem/pulls/1713,2020-01-18T16:55:54Z,4
pull,1040,b'closed',1041,https://api.github.com/repos/deepchem/deepchem/pulls/1041,,1
pull,1002,b'closed',1003,https://api.github.com/repos/deepchem/deepchem/pulls/1003,2018-01-03T03:49:33Z,2
pull,1002,b'closed',1008,https://api.github.com/repos/deepchem/deepchem/pulls/1008,2018-01-15T01:39:31Z,5
pull,936,b'closed',937,https://api.github.com/repos/deepchem/deepchem/pulls/937,,1
pull,825,b'closed',786,https://api.github.com/repos/deepchem/deepchem/pulls/786,,4
pull,787,b'closed',788,https://api.github.com/repos/deepchem/deepchem/pulls/788,2017-08-28T18:22:29Z,1
pull,1079,b'closed',1107,https://api.github.com/repos/deepchem/deepchem/pulls/1107,2018-02-22T23:43:29Z,1
pull,1644,b'closed',1645,https://api.github.com/repos/deepchem/deepchem/pulls/1645,2019-08-22T17:39:34Z,4
pull,1644,b'closed',1662,https://api.github.com/repos/deepchem/deepchem/pulls/1662,2019-08-21T20:39:34Z,1
pull,1443,b'closed',1450,https://api.github.com/repos/deepchem/deepchem/pulls/1450,2018-11-14T17:14:26Z,2
pull,1628,b'closed',1633,https://api.github.com/repos/deepchem/deepchem/pulls/1633,,1
pull,1628,b'closed',1652,https://api.github.com/repos/deepchem/deepchem/pulls/1652,2019-08-13T20:42:41Z,5
pull,1572,b'closed',1636,https://api.github.com/repos/deepchem/deepchem/pulls/1636,2019-07-27T12:06:13Z,4
pull,1442,b'open',1894,https://api.github.com/repos/deepchem/deepchem/pulls/1894,2020-06-22T18:22:31Z,2
pull,1232,b'closed',1408,https://api.github.com/repos/deepchem/deepchem/pulls/1408,2018-09-22T18:25:49Z,1
pull,1511,b'closed',1514,https://api.github.com/repos/deepchem/deepchem/pulls/1514,2019-02-21T18:47:39Z,1
pull,1362,b'closed',1476,https://api.github.com/repos/deepchem/deepchem/pulls/1476,2019-01-01T00:59:04Z,3
pull,630,b'closed',949,https://api.github.com/repos/deepchem/deepchem/pulls/949,2017-11-29T04:24:06Z,58
pull,630,b'closed',1417,https://api.github.com/repos/deepchem/deepchem/pulls/1417,,8
pull,1349,b'closed',1424,https://api.github.com/repos/deepchem/deepchem/pulls/1424,2018-10-04T19:26:22Z,1
pull,1401,b'closed',1432,https://api.github.com/repos/deepchem/deepchem/pulls/1432,2018-10-25T17:48:49Z,2
pull,1317,b'closed',1433,https://api.github.com/repos/deepchem/deepchem/pulls/1433,2018-10-25T17:47:37Z,3
pull,1404,b'closed',1413,https://api.github.com/repos/deepchem/deepchem/pulls/1413,2018-09-27T18:30:22Z,1
pull,1404,b'closed',1497,https://api.github.com/repos/deepchem/deepchem/pulls/1497,2019-01-16T00:39:54Z,1
pull,1504,b'closed',1512,https://api.github.com/repos/deepchem/deepchem/pulls/1512,,10
pull,1504,b'closed',1513,https://api.github.com/repos/deepchem/deepchem/pulls/1513,2019-02-21T20:23:37Z,10
pull,1501,b'closed',1515,https://api.github.com/repos/deepchem/deepchem/pulls/1515,2019-02-21T18:42:48Z,5
pull,1506,b'closed',1507,https://api.github.com/repos/deepchem/deepchem/pulls/1507,2019-02-11T22:48:43Z,2
pull,1394,b'open',1397,https://api.github.com/repos/deepchem/deepchem/pulls/1397,2018-09-03T22:20:23Z,6
pull,1394,b'open',1508,https://api.github.com/repos/deepchem/deepchem/pulls/1508,,2
pull,1394,b'open',1509,https://api.github.com/repos/deepchem/deepchem/pulls/1509,2020-04-10T23:34:57Z,2
pull,644,b'open',1488,https://api.github.com/repos/deepchem/deepchem/pulls/1488,2019-01-16T00:19:50Z,3
pull,1392,b'open',1366,https://api.github.com/repos/deepchem/deepchem/pulls/1366,2018-08-26T03:02:17Z,4
pull,1490,b'open',1499,https://api.github.com/repos/deepchem/deepchem/pulls/1499,2019-01-16T00:27:27Z,1
pull,890,b'closed',931,https://api.github.com/repos/deepchem/deepchem/pulls/931,2017-11-09T21:30:44Z,5
pull,1460,b'closed',1462,https://api.github.com/repos/deepchem/deepchem/pulls/1462,2018-12-06T18:34:56Z,1
pull,1143,b'open',1492,https://api.github.com/repos/deepchem/deepchem/pulls/1492,2020-02-28T04:47:25Z,1
pull,1430,b'open',1431,https://api.github.com/repos/deepchem/deepchem/pulls/1431,2018-10-14T16:28:33Z,1
pull,1035,b'open',1428,https://api.github.com/repos/deepchem/deepchem/pulls/1428,,4
pull,1403,b'closed',1407,https://api.github.com/repos/deepchem/deepchem/pulls/1407,2018-10-04T19:04:08Z,1
pull,1318,b'closed',1419,https://api.github.com/repos/deepchem/deepchem/pulls/1419,,3
pull,1318,b'closed',1420,https://api.github.com/repos/deepchem/deepchem/pulls/1420,2018-10-01T22:41:30Z,4
pull,1386,b'closed',1393,https://api.github.com/repos/deepchem/deepchem/pulls/1393,2018-08-28T20:12:13Z,2
pull,1361,b'closed',1372,https://api.github.com/repos/deepchem/deepchem/pulls/1372,2018-08-23T23:01:06Z,1
pull,1387,b'open',1391,https://api.github.com/repos/deepchem/deepchem/pulls/1391,,1
pull,1367,b'open',1383,https://api.github.com/repos/deepchem/deepchem/pulls/1383,2018-08-26T03:06:05Z,2
pull,1363,b'closed',1371,https://api.github.com/repos/deepchem/deepchem/pulls/1371,2018-08-13T19:45:20Z,2
pull,1355,b'open',2746,https://api.github.com/repos/deepchem/deepchem/pulls/2746,2021-11-12T03:29:41Z,2
pull,1333,b'closed',1346,https://api.github.com/repos/deepchem/deepchem/pulls/1346,2018-08-04T19:22:08Z,2
pull,1171,b'closed',1158,https://api.github.com/repos/deepchem/deepchem/pulls/1158,2020-02-28T02:39:15Z,1
pull,1119,b'closed',1218,https://api.github.com/repos/deepchem/deepchem/pulls/1218,2018-04-16T17:52:31Z,5
pull,1144,b'closed',1151,https://api.github.com/repos/deepchem/deepchem/pulls/1151,2018-03-23T18:05:50Z,5
pull,1245,b'open',1311,https://api.github.com/repos/deepchem/deepchem/pulls/1311,2018-07-27T17:29:48Z,4
pull,1179,b'open',2431,https://api.github.com/repos/deepchem/deepchem/pulls/2431,2021-03-11T18:45:08Z,2
pull,479,b'closed',481,https://api.github.com/repos/deepchem/deepchem/pulls/481,2017-04-11T03:53:47Z,5
pull,1281,b'closed',1283,https://api.github.com/repos/deepchem/deepchem/pulls/1283,,1
pull,1281,b'closed',1286,https://api.github.com/repos/deepchem/deepchem/pulls/1286,2018-06-05T22:49:15Z,1
pull,1282,b'open',1525,https://api.github.com/repos/deepchem/deepchem/pulls/1525,,1
pull,1268,b'closed',1278,https://api.github.com/repos/deepchem/deepchem/pulls/1278,2018-05-31T18:46:28Z,6
pull,1096,b'closed',1264,https://api.github.com/repos/deepchem/deepchem/pulls/1264,2018-05-18T19:37:18Z,2
pull,1262,b'closed',1264,https://api.github.com/repos/deepchem/deepchem/pulls/1264,2018-05-18T19:37:18Z,2
pull,1186,b'open',1176,https://api.github.com/repos/deepchem/deepchem/pulls/1176,2018-03-27T18:40:46Z,6
pull,1186,b'open',1485,https://api.github.com/repos/deepchem/deepchem/pulls/1485,2019-01-07T21:35:05Z,1
pull,1214,b'closed',1218,https://api.github.com/repos/deepchem/deepchem/pulls/1218,2018-04-16T17:52:31Z,5
pull,1214,b'closed',1226,https://api.github.com/repos/deepchem/deepchem/pulls/1226,2018-04-25T23:20:14Z,7
pull,1214,b'closed',1259,https://api.github.com/repos/deepchem/deepchem/pulls/1259,2018-05-18T14:37:43Z,13
pull,1216,b'closed',1260,https://api.github.com/repos/deepchem/deepchem/pulls/1260,2018-05-16T18:01:13Z,9
pull,1162,b'closed',1249,https://api.github.com/repos/deepchem/deepchem/pulls/1249,2018-05-09T20:59:37Z,43
pull,1193,b'closed',165,https://api.github.com/repos/chainer/chainer-chemistry/pulls/165,2018-06-04T09:50:41Z,11
pull,1138,b'closed',1155,https://api.github.com/repos/deepchem/deepchem/pulls/1155,,14
pull,1138,b'closed',1167,https://api.github.com/repos/deepchem/deepchem/pulls/1167,2018-03-22T13:53:21Z,14
pull,1188,b'closed',1190,https://api.github.com/repos/deepchem/deepchem/pulls/1190,,1
pull,1188,b'closed',1195,https://api.github.com/repos/deepchem/deepchem/pulls/1195,2018-03-29T18:58:27Z,1
pull,1115,b'open',1131,https://api.github.com/repos/deepchem/deepchem/pulls/1131,2018-03-06T14:50:37Z,1
pull,1115,b'open',1183,https://api.github.com/repos/deepchem/deepchem/pulls/1183,2018-03-27T01:06:02Z,21
pull,1166,b'closed',1174,https://api.github.com/repos/deepchem/deepchem/pulls/1174,2018-03-22T13:34:26Z,1
pull,1157,b'closed',1178,https://api.github.com/repos/deepchem/deepchem/pulls/1178,2018-03-26T13:50:52Z,1
pull,1126,b'closed',1165,https://api.github.com/repos/deepchem/deepchem/pulls/1165,2018-03-20T17:31:35Z,2
pull,991,b'open',1498,https://api.github.com/repos/deepchem/deepchem/pulls/1498,2019-01-16T00:20:55Z,3
pull,1039,b'closed',1091,https://api.github.com/repos/deepchem/deepchem/pulls/1091,2018-02-17T16:09:32Z,2
pull,844,b'closed',850,https://api.github.com/repos/deepchem/deepchem/pulls/850,2017-09-26T18:20:15Z,5
pull,420,b'open',428,https://api.github.com/repos/deepchem/deepchem/pulls/428,2017-03-02T22:23:14Z,1
pull,651,b'closed',655,https://api.github.com/repos/deepchem/deepchem/pulls/655,2017-07-11T22:38:51Z,2
pull,687,b'closed',802,https://api.github.com/repos/deepchem/deepchem/pulls/802,2017-08-29T01:30:27Z,24
pull,346,b'closed',347,https://api.github.com/repos/deepchem/deepchem/pulls/347,2017-01-08T03:31:25Z,5
pull,234,b'closed',233,https://api.github.com/repos/deepchem/deepchem/pulls/233,2016-09-21T04:15:07Z,40
pull,1120,b'closed',1123,https://api.github.com/repos/deepchem/deepchem/pulls/1123,2018-03-03T19:51:52Z,9
pull,586,b'closed',863,https://api.github.com/repos/deepchem/deepchem/pulls/863,,2
pull,889,b'closed',919,https://api.github.com/repos/deepchem/deepchem/pulls/919,2018-01-05T02:43:14Z,2
pull,468,b'closed',488,https://api.github.com/repos/deepchem/deepchem/pulls/488,2017-03-29T21:46:27Z,6
pull,754,b'closed',966,https://api.github.com/repos/deepchem/deepchem/pulls/966,2017-12-13T19:59:06Z,26
pull,756,b'closed',760,https://api.github.com/repos/deepchem/deepchem/pulls/760,,3
pull,780,b'closed',778,https://api.github.com/repos/deepchem/deepchem/pulls/778,2017-08-24T01:03:29Z,6
pull,780,b'closed',805,https://api.github.com/repos/deepchem/deepchem/pulls/805,2017-09-03T00:56:29Z,3
pull,891,b'closed',909,https://api.github.com/repos/deepchem/deepchem/pulls/909,2017-10-29T02:31:57Z,1
pull,963,b'closed',975,https://api.github.com/repos/deepchem/deepchem/pulls/975,2017-12-21T18:18:34Z,15
pull,963,b'closed',976,https://api.github.com/repos/deepchem/deepchem/pulls/976,2017-12-22T00:32:39Z,15
pull,1100,b'closed',1101,https://api.github.com/repos/deepchem/deepchem/pulls/1101,2018-02-19T20:25:46Z,1
pull,902,b'closed',1090,https://api.github.com/repos/deepchem/deepchem/pulls/1090,2018-02-19T20:57:53Z,18
pull,841,b'closed',854,https://api.github.com/repos/deepchem/deepchem/pulls/854,2017-09-27T15:33:40Z,1
pull,877,b'closed',874,https://api.github.com/repos/deepchem/deepchem/pulls/874,2017-10-16T21:33:59Z,5
pull,877,b'closed',883,https://api.github.com/repos/deepchem/deepchem/pulls/883,2017-10-17T18:40:30Z,1
pull,960,b'closed',927,https://api.github.com/repos/deepchem/deepchem/pulls/927,,10
pull,1043,b'closed',1407,https://api.github.com/repos/deepchem/deepchem/pulls/1407,2018-10-04T19:04:08Z,1
pull,1030,b'closed',1031,https://api.github.com/repos/deepchem/deepchem/pulls/1031,2018-01-22T19:47:06Z,2
pull,984,b'closed',987,https://api.github.com/repos/deepchem/deepchem/pulls/987,2017-12-22T01:55:24Z,9
pull,1000,b'closed',996,https://api.github.com/repos/deepchem/deepchem/pulls/996,2018-01-03T00:27:46Z,9
pull,1000,b'closed',1001,https://api.github.com/repos/deepchem/deepchem/pulls/1001,2018-01-03T23:42:15Z,1
pull,1010,b'closed',1011,https://api.github.com/repos/deepchem/deepchem/pulls/1011,2018-01-05T02:46:44Z,1
pull,921,b'closed',927,https://api.github.com/repos/deepchem/deepchem/pulls/927,,10
pull,983,b'closed',1022,https://api.github.com/repos/deepchem/deepchem/pulls/1022,2018-01-13T20:47:50Z,3
pull,507,b'closed',710,https://api.github.com/repos/deepchem/deepchem/pulls/710,2017-08-02T17:47:12Z,12
pull,525,b'closed',567,https://api.github.com/repos/deepchem/deepchem/pulls/567,2017-05-22T03:53:15Z,3
pull,570,b'closed',577,https://api.github.com/repos/deepchem/deepchem/pulls/577,2017-06-06T00:19:39Z,4
pull,820,b'closed',829,https://api.github.com/repos/deepchem/deepchem/pulls/829,2017-09-08T19:16:32Z,7
pull,911,b'closed',914,https://api.github.com/repos/deepchem/deepchem/pulls/914,2017-11-01T17:27:16Z,2
pull,950,b'closed',954,https://api.github.com/repos/deepchem/deepchem/pulls/954,2017-12-03T20:44:59Z,3
pull,292,b'closed',369,https://api.github.com/repos/deepchem/deepchem/pulls/369,2017-03-07T02:57:45Z,43
pull,235,b'closed',233,https://api.github.com/repos/deepchem/deepchem/pulls/233,2016-09-21T04:15:07Z,40
pull,291,b'closed',289,https://api.github.com/repos/deepchem/deepchem/pulls/289,2016-11-23T22:18:32Z,19
pull,199,b'closed',1005,https://api.github.com/repos/deepchem/deepchem/pulls/1005,2018-01-03T23:18:44Z,2
pull,303,b'closed',306,https://api.github.com/repos/deepchem/deepchem/pulls/306,2016-12-07T21:21:03Z,8
pull,359,b'closed',369,https://api.github.com/repos/deepchem/deepchem/pulls/369,2017-03-07T02:57:45Z,43
pull,810,b'closed',22,https://api.github.com/repos/lilleswing/deepchem/pulls/22,,2
pull,810,b'closed',814,https://api.github.com/repos/deepchem/deepchem/pulls/814,2017-09-01T00:19:14Z,1
pull,810,b'closed',829,https://api.github.com/repos/deepchem/deepchem/pulls/829,2017-09-08T19:16:32Z,7
pull,900,b'closed',893,https://api.github.com/repos/deepchem/deepchem/pulls/893,2018-01-03T23:10:28Z,6
pull,980,b'closed',981,https://api.github.com/repos/deepchem/deepchem/pulls/981,2017-12-21T23:50:39Z,2
pull,768,b'closed',791,https://api.github.com/repos/deepchem/deepchem/pulls/791,2017-08-25T20:10:01Z,2
pull,768,b'closed',965,https://api.github.com/repos/deepchem/deepchem/pulls/965,2017-12-13T19:10:04Z,1
pull,959,b'closed',964,https://api.github.com/repos/deepchem/deepchem/pulls/964,2017-12-12T01:51:59Z,1
pull,912,b'closed',916,https://api.github.com/repos/deepchem/deepchem/pulls/916,2017-11-02T16:26:42Z,2
pull,955,b'closed',957,https://api.github.com/repos/deepchem/deepchem/pulls/957,2017-12-05T07:23:09Z,2
pull,947,b'closed',952,https://api.github.com/repos/deepchem/deepchem/pulls/952,2017-12-03T20:42:02Z,3
pull,946,b'closed',949,https://api.github.com/repos/deepchem/deepchem/pulls/949,2017-11-29T04:24:06Z,58
pull,922,b'closed',923,https://api.github.com/repos/deepchem/deepchem/pulls/923,2017-11-05T07:05:15Z,1
pull,896,b'closed',901,https://api.github.com/repos/deepchem/deepchem/pulls/901,2017-10-25T20:50:51Z,1
pull,881,b'closed',885,https://api.github.com/repos/deepchem/deepchem/pulls/885,2017-10-19T21:12:10Z,2
pull,903,b'closed',904,https://api.github.com/repos/deepchem/deepchem/pulls/904,2017-10-26T23:08:54Z,1
pull,785,b'closed',803,https://api.github.com/repos/deepchem/deepchem/pulls/803,2017-08-29T02:48:18Z,9
pull,785,b'closed',804,https://api.github.com/repos/deepchem/deepchem/pulls/804,2017-08-29T23:58:17Z,2
pull,535,b'closed',546,https://api.github.com/repos/deepchem/deepchem/pulls/546,2017-05-04T05:39:08Z,3
pull,535,b'closed',850,https://api.github.com/repos/deepchem/deepchem/pulls/850,2017-09-26T18:20:15Z,5
pull,535,b'closed',855,https://api.github.com/repos/deepchem/deepchem/pulls/855,2017-10-03T15:57:48Z,5
pull,600,b'closed',710,https://api.github.com/repos/deepchem/deepchem/pulls/710,2017-08-02T17:47:12Z,12
pull,777,b'closed',1057,https://api.github.com/repos/deepchem/deepchem/pulls/1057,2018-02-01T00:45:36Z,2
pull,870,b'closed',871,https://api.github.com/repos/deepchem/deepchem/pulls/871,2017-10-07T17:53:03Z,1
pull,858,b'closed',860,https://api.github.com/repos/deepchem/deepchem/pulls/860,2017-10-03T14:00:52Z,5
pull,838,b'closed',840,https://api.github.com/repos/deepchem/deepchem/pulls/840,2017-09-21T19:30:07Z,3
pull,821,b'closed',822,https://api.github.com/repos/deepchem/deepchem/pulls/822,2017-09-05T18:12:16Z,3
pull,818,b'closed',826,https://api.github.com/repos/deepchem/deepchem/pulls/826,2017-09-06T01:08:17Z,3
pull,795,b'closed',797,https://api.github.com/repos/deepchem/deepchem/pulls/797,2017-08-26T19:24:03Z,1
pull,720,b'closed',738,https://api.github.com/repos/deepchem/deepchem/pulls/738,2017-08-09T02:03:41Z,5
pull,761,b'closed',763,https://api.github.com/repos/deepchem/deepchem/pulls/763,2017-08-18T15:26:47Z,6
pull,761,b'closed',836,https://api.github.com/repos/deepchem/deepchem/pulls/836,,1
pull,744,b'closed',751,https://api.github.com/repos/deepchem/deepchem/pulls/751,2017-08-12T04:57:30Z,1
pull,676,b'closed',759,https://api.github.com/repos/deepchem/deepchem/pulls/759,2017-08-19T01:04:11Z,5
pull,714,b'closed',723,https://api.github.com/repos/deepchem/deepchem/pulls/723,2017-08-04T21:00:34Z,4
pull,677,b'closed',690,https://api.github.com/repos/deepchem/deepchem/pulls/690,2017-08-01T19:21:18Z,3
pull,700,b'closed',705,https://api.github.com/repos/deepchem/deepchem/pulls/705,2017-07-29T06:53:02Z,10
pull,684,b'closed',697,https://api.github.com/repos/deepchem/deepchem/pulls/697,2017-07-27T22:36:21Z,5
pull,576,b'closed',568,https://api.github.com/repos/deepchem/deepchem/pulls/568,2017-06-06T00:16:59Z,12
pull,576,b'closed',656,https://api.github.com/repos/deepchem/deepchem/pulls/656,2017-07-12T16:00:31Z,1
pull,639,b'closed',652,https://api.github.com/repos/deepchem/deepchem/pulls/652,2017-07-11T03:45:05Z,4
pull,648,b'closed',49,https://api.github.com/repos/ladybug-tools/ladybug-geometry/pulls/49,2019-09-29T14:16:03Z,22
pull,648,b'closed',52,https://api.github.com/repos/in-toto/in-toto-golang/pulls/52,2020-06-05T12:40:00Z,16
pull,648,b'closed',93,https://api.github.com/repos/pysal/mgwr/pulls/93,2021-05-27T21:20:10Z,1
pull,555,b'closed',577,https://api.github.com/repos/deepchem/deepchem/pulls/577,2017-06-06T00:19:39Z,4
pull,489,b'closed',481,https://api.github.com/repos/deepchem/deepchem/pulls/481,2017-04-11T03:53:47Z,5
pull,476,b'closed',474,https://api.github.com/repos/deepchem/deepchem/pulls/474,2017-03-25T20:26:14Z,2
pull,441,b'closed',464,https://api.github.com/repos/deepchem/deepchem/pulls/464,2017-03-15T02:13:40Z,1
pull,463,b'closed',464,https://api.github.com/repos/deepchem/deepchem/pulls/464,2017-03-15T02:13:40Z,1
pull,376,b'closed',380,https://api.github.com/repos/deepchem/deepchem/pulls/380,2017-02-04T20:55:58Z,7
pull,376,b'closed',464,https://api.github.com/repos/deepchem/deepchem/pulls/464,2017-03-15T02:13:40Z,1
pull,622,b'closed',636,https://api.github.com/repos/deepchem/deepchem/pulls/636,2017-07-05T02:30:37Z,5
pull,581,b'closed',582,https://api.github.com/repos/deepchem/deepchem/pulls/582,2017-06-06T00:22:21Z,1
pull,536,b'closed',546,https://api.github.com/repos/deepchem/deepchem/pulls/546,2017-05-04T05:39:08Z,3
pull,329,b'closed',327,https://api.github.com/repos/deepchem/deepchem/pulls/327,2016-12-27T04:24:46Z,8
pull,329,b'closed',336,https://api.github.com/repos/deepchem/deepchem/pulls/336,2017-01-06T04:20:56Z,17
pull,329,b'closed',659,https://api.github.com/repos/omnia-md/conda-recipes/pulls/659,,37
pull,494,b'closed',496,https://api.github.com/repos/deepchem/deepchem/pulls/496,2017-04-14T00:04:56Z,36
pull,499,b'closed',500,https://api.github.com/repos/deepchem/deepchem/pulls/500,2017-04-01T19:02:16Z,2
pull,429,b'closed',488,https://api.github.com/repos/deepchem/deepchem/pulls/488,2017-03-29T21:46:27Z,6
pull,451,b'closed',454,https://api.github.com/repos/deepchem/deepchem/pulls/454,2017-03-10T20:57:59Z,21
pull,458,b'closed',461,https://api.github.com/repos/deepchem/deepchem/pulls/461,2017-03-10T23:00:00Z,7
pull,375,b'closed',380,https://api.github.com/repos/deepchem/deepchem/pulls/380,2017-02-04T20:55:58Z,7
pull,378,b'closed',410,https://api.github.com/repos/deepchem/deepchem/pulls/410,2017-02-17T06:37:49Z,8
pull,394,b'closed',406,https://api.github.com/repos/deepchem/deepchem/pulls/406,2017-02-16T21:34:55Z,5
pull,401,b'closed',404,https://api.github.com/repos/deepchem/deepchem/pulls/404,2017-02-16T19:15:30Z,1
pull,299,b'closed',395,https://api.github.com/repos/deepchem/deepchem/pulls/395,2017-02-16T18:55:55Z,8
pull,386,b'closed',388,https://api.github.com/repos/deepchem/deepchem/pulls/388,2017-02-03T20:45:14Z,1
pull,296,b'closed',295,https://api.github.com/repos/deepchem/deepchem/pulls/295,2016-11-27T03:01:23Z,12
pull,296,b'closed',357,https://api.github.com/repos/deepchem/deepchem/pulls/357,2017-01-15T02:59:18Z,35
pull,345,b'closed',357,https://api.github.com/repos/deepchem/deepchem/pulls/357,2017-01-15T02:59:18Z,35
pull,328,b'closed',336,https://api.github.com/repos/deepchem/deepchem/pulls/336,2017-01-06T04:20:56Z,17
pull,321,b'closed',330,https://api.github.com/repos/deepchem/deepchem/pulls/330,2016-12-27T07:00:50Z,5
pull,322,b'closed',325,https://api.github.com/repos/deepchem/deepchem/pulls/325,2016-12-20T18:53:13Z,1
pull,293,b'closed',313,https://api.github.com/repos/deepchem/deepchem/pulls/313,,8
pull,29,b'closed',103,https://api.github.com/repos/deepchem/deepchem/pulls/103,2016-02-21T03:53:05Z,1
pull,265,b'closed',268,https://api.github.com/repos/deepchem/deepchem/pulls/268,2016-10-30T05:22:06Z,9
pull,265,b'closed',269,https://api.github.com/repos/deepchem/deepchem/pulls/269,2016-11-02T05:16:41Z,53
pull,265,b'closed',273,https://api.github.com/repos/deepchem/deepchem/pulls/273,2016-11-02T06:46:13Z,97
pull,265,b'closed',274,https://api.github.com/repos/deepchem/deepchem/pulls/274,2016-11-03T00:53:53Z,13
pull,279,b'closed',317,https://api.github.com/repos/deepchem/deepchem/pulls/317,2016-12-17T21:34:07Z,63
pull,314,b'closed',313,https://api.github.com/repos/deepchem/deepchem/pulls/313,,8
pull,314,b'closed',317,https://api.github.com/repos/deepchem/deepchem/pulls/317,2016-12-17T21:34:07Z,63
pull,315,b'closed',313,https://api.github.com/repos/deepchem/deepchem/pulls/313,,8
pull,310,b'closed',311,https://api.github.com/repos/deepchem/deepchem/pulls/311,2016-12-10T19:15:10Z,1
pull,308,b'closed',309,https://api.github.com/repos/deepchem/deepchem/pulls/309,2016-12-09T01:09:54Z,2
pull,304,b'closed',305,https://api.github.com/repos/deepchem/deepchem/pulls/305,2016-12-05T21:41:01Z,2
pull,250,b'closed',262,https://api.github.com/repos/deepchem/deepchem/pulls/262,2016-10-29T19:38:39Z,8
pull,232,b'closed',233,https://api.github.com/repos/deepchem/deepchem/pulls/233,2016-09-21T04:15:07Z,40
pull,224,b'closed',227,https://api.github.com/repos/deepchem/deepchem/pulls/227,2016-09-07T08:19:13Z,5
pull,169,b'closed',227,https://api.github.com/repos/deepchem/deepchem/pulls/227,2016-09-07T08:19:13Z,5
pull,208,b'closed',218,https://api.github.com/repos/deepchem/deepchem/pulls/218,2016-09-02T00:57:09Z,4
pull,90,b'closed',196,https://api.github.com/repos/deepchem/deepchem/pulls/196,2016-06-06T02:53:56Z,13
pull,118,b'closed',119,https://api.github.com/repos/deepchem/deepchem/pulls/119,2016-03-19T01:52:24Z,20
pull,164,b'closed',182,https://api.github.com/repos/deepchem/deepchem/pulls/182,2016-05-11T21:30:41Z,20
pull,168,b'closed',182,https://api.github.com/repos/deepchem/deepchem/pulls/182,2016-05-11T21:30:41Z,20
pull,95,b'closed',191,https://api.github.com/repos/deepchem/deepchem/pulls/191,2016-05-23T23:46:55Z,5
pull,85,b'closed',269,https://api.github.com/repos/deepchem/deepchem/pulls/269,2016-11-02T05:16:41Z,53
pull,111,b'closed',151,https://api.github.com/repos/deepchem/deepchem/pulls/151,2016-04-04T03:47:14Z,14
pull,174,b'closed',175,https://api.github.com/repos/deepchem/deepchem/pulls/175,2016-05-09T01:21:22Z,15
pull,174,b'closed',176,https://api.github.com/repos/deepchem/deepchem/pulls/176,2016-05-09T03:23:25Z,7
pull,158,b'closed',159,https://api.github.com/repos/deepchem/deepchem/pulls/159,2016-04-14T23:19:10Z,22
pull,148,b'closed',151,https://api.github.com/repos/deepchem/deepchem/pulls/151,2016-04-04T03:47:14Z,14
pull,148,b'closed',154,https://api.github.com/repos/deepchem/deepchem/pulls/154,2016-04-05T00:03:02Z,5
pull,143,b'closed',144,https://api.github.com/repos/deepchem/deepchem/pulls/144,2016-03-30T07:03:50Z,1
pull,131,b'closed',139,https://api.github.com/repos/deepchem/deepchem/pulls/139,2016-03-29T01:30:40Z,2
pull,98,b'closed',124,https://api.github.com/repos/deepchem/deepchem/pulls/124,2016-03-21T22:25:35Z,5
pull,51,b'closed',99,https://api.github.com/repos/deepchem/deepchem/pulls/99,2016-02-24T04:24:58Z,23
pull,80,b'closed',99,https://api.github.com/repos/deepchem/deepchem/pulls/99,2016-02-24T04:24:58Z,23
