,Unnamed: 0.22,Unnamed: 0.21,Unnamed: 0.20,Unnamed: 0,Unnamed: 0.1,Unnamed: 0.19,Unnamed: 0.18,Unnamed: 0.17,Unnamed: 0.16,Unnamed: 0.15,Unnamed: 0.14,Unnamed: 0.13,Unnamed: 0.12,Unnamed: 0.11,Unnamed: 0.10,Unnamed: 0.9,Unnamed: 0.8,Unnamed: 0.7,Unnamed: 0.6,Unnamed: 0.5,Unnamed: 0.4,Unnamed: 0.3,Unnamed: 0.2,Unnamed: 0.1.1,Unnamed: 0.1.1.1,date,Total_issue,closed_issue,ratio,scaled,Total_pull,changed_files,changed_files_scaled
0,0,0,0,0,0,0,0,0,0,0,0,0,0,0,0,0,0,0,0,0,0,0,0,0,0,2015-01-01,13.0,13.0,1.0,1.0,0.0,0.0,3.0
1,1,1,1,1,1,1,1,1,1,1,1,1,1,1,1,1,1,1,1,1,1,1,1,1,1,2015-02-01,65.0,65.0,1.0,1.0,0.0,0.0,3.0
2,2,2,2,2,2,2,2,2,2,2,2,2,2,2,2,2,2,2,2,2,2,2,2,2,2,2015-03-01,248.0,248.0,1.0,1.0,6.0,9.0,3.002365308804205
3,3,3,3,3,3,3,3,3,3,3,3,3,3,3,3,3,3,3,3,3,3,3,3,3,3,2015-04-01,321.0,321.0,1.0,1.0,4.0,36.0,3.00946123521682
4,4,4,4,4,4,4,4,4,4,4,4,4,4,4,4,4,4,4,4,4,4,4,4,4,4,2015-05-01,252.0,252.0,1.0,1.0,9.0,32.0,3.0084099868593954
5,5,5,5,5,5,5,5,5,5,5,5,5,5,5,5,5,5,5,5,5,5,5,5,5,5,2015-06-01,229.0,228.0,0.9956331877729258,0.9929819089207734,4.0,5.0,3.0013140604467807
6,6,6,6,6,6,6,6,6,6,6,6,6,6,6,6,6,6,6,6,6,6,6,6,6,6,2015-07-01,238.0,238.0,1.0,1.0,8.0,63.0,3.016557161629435
7,7,7,7,7,7,7,7,7,7,7,7,7,7,7,7,7,7,7,7,7,7,7,7,7,7,2015-08-01,210.0,210.0,1.0,1.0,3.0,12.0,3.0031537450722734
8,8,8,8,8,8,8,8,8,8,8,8,8,8,8,8,8,8,8,8,8,8,8,8,8,8,2015-09-01,428.0,428.0,1.0,1.0,8.0,10.0,3.002628120893561
9,9,9,9,9,9,9,9,9,9,9,9,9,9,9,9,9,9,9,9,9,9,9,9,9,9,2015-10-01,450.0,450.0,1.0,1.0,9.0,29.0,3.007621550591327
10,10,10,10,10,10,10,10,10,10,10,10,10,10,10,10,10,10,10,10,10,10,10,10,10,10,2015-11-01,451.0,451.0,1.0,1.0,8.0,11.0,3.0028909329829174
11,11,11,11,11,11,11,11,11,11,11,11,11,11,11,11,11,11,11,11,11,11,11,11,11,11,2015-12-01,384.0,384.0,1.0,1.0,11.0,123.0,3.0323258869908014
12,12,12,12,12,12,12,12,12,12,12,12,12,12,12,12,12,12,12,12,12,12,12,12,12,12,2016-01-01,354.0,354.0,1.0,1.0,4.0,26635.0,10.0
13,13,13,13,13,13,13,13,13,13,13,13,13,13,13,13,13,13,13,13,13,13,13,13,13,13,2016-02-01,287.0,287.0,1.0,1.0,14.0,40.0,3.0105124835742445
14,14,14,14,14,14,14,14,14,14,14,14,14,14,14,14,14,14,14,14,14,14,14,14,14,14,2016-03-01,283.0,283.0,1.0,1.0,2.0,2.0,3.0005256241787124
15,15,15,15,15,15,15,15,15,15,15,15,15,15,15,15,15,15,15,15,15,15,15,15,15,15,2016-04-01,276.0,276.0,1.0,1.0,6.0,18.0,3.00473061760841
16,16,16,16,16,16,16,16,16,16,16,16,16,16,16,16,16,16,16,16,16,16,16,16,16,16,2016-05-01,311.0,311.0,1.0,1.0,5.0,1437.0,3.3776609724047306
17,17,17,17,17,17,17,17,17,17,17,17,17,17,17,17,17,17,17,17,17,17,17,17,17,17,2016-06-01,343.0,343.0,1.0,1.0,9.0,25.0,3.0065703022339028
18,18,18,18,18,18,18,18,18,18,18,18,18,18,18,18,18,18,18,18,18,18,18,18,18,18,2016-07-01,353.0,353.0,1.0,1.0,1.0,7.0,3.0018396846254927
19,19,19,19,19,19,19,19,19,19,19,19,19,19,19,19,19,19,19,19,19,19,19,19,19,19,2016-08-01,342.0,342.0,1.0,1.0,8.0,27.0,3.007095926412615
20,20,20,20,20,20,20,20,20,20,20,20,20,20,20,20,20,20,20,20,20,20,20,20,20,20,2016-09-01,299.0,298.0,0.9966555183946488,0.994624940277114,10.0,86.0,3.0226018396846257
21,21,21,21,21,21,21,21,21,21,21,21,21,21,21,21,21,21,21,21,21,21,21,21,21,21,2016-10-01,286.0,286.0,1.0,1.0,5.0,15.0,3.0039421813403417
22,22,22,22,22,22,22,22,22,22,22,22,22,22,22,22,22,22,22,22,22,22,22,22,22,22,2016-11-01,348.0,347.0,0.9971264367816092,0.9953817733990148,7.0,41.0,3.0107752956636005
23,23,23,23,23,23,23,23,23,23,23,23,23,23,23,23,23,23,23,23,23,23,23,23,23,23,2016-12-01,276.0,276.0,1.0,1.0,8.0,58.0,3.0152431011826546
24,24,24,24,24,24,24,24,24,24,24,24,24,24,24,24,24,24,24,24,24,24,24,24,24,24,2017-01-01,273.0,273.0,1.0,1.0,14.0,94.0,3.0247043363994743
25,25,25,25,25,25,25,25,25,25,25,25,25,25,25,25,25,25,25,25,25,25,25,25,25,25,2017-02-01,297.0,293.0,0.9865319865319864,0.9783549783549784,6.0,29.0,3.007621550591327
26,26,26,26,26,26,26,26,26,26,26,26,26,26,26,26,26,26,26,26,26,26,26,26,26,26,2017-03-01,397.0,397.0,1.0,1.0,7.0,13.0,3.0034165571616294
27,27,27,27,27,27,27,27,27,27,27,27,27,27,27,27,27,27,27,27,27,27,27,27,27,27,2017-04-01,305.0,304.0,0.99672131147541,0.9947306791569088,7.0,80.0,3.021024967148489
28,28,28,28,28,28,28,28,28,28,28,28,28,28,28,28,28,28,28,28,28,28,28,28,28,28,2017-05-01,376.0,376.0,1.0,1.0,11.0,78.0,3.0204993429697766
29,29,29,29,29,29,29,29,29,29,29,29,29,29,29,29,29,29,29,29,29,29,29,29,29,29,2017-06-01,382.0,381.0,0.9973821989528796,0.9957928197456992,5.0,20.0,3.005256241787122
30,30,30,30,30,30,30,30,30,30,30,30,30,30,30,30,30,30,30,30,30,30,30,30,30,30,2017-07-01,315.0,312.0,0.9904761904761904,0.9846938775510206,6.0,30.0,3.0078843626806835
31,31,31,31,31,31,31,31,31,31,31,31,31,31,31,31,31,31,31,31,31,31,31,31,31,31,2017-08-01,278.0,278.0,1.0,1.0,7.0,12.0,3.0031537450722734
32,32,32,32,32,32,32,32,32,32,32,32,32,32,32,32,32,32,32,32,32,32,32,32,32,32,2017-09-01,302.0,299.0,0.9900662251655628,0.984035004730369,8.0,212.0,3.0557161629434955
33,33,33,33,33,33,33,33,33,33,33,33,33,33,33,33,33,33,33,33,33,33,33,33,33,33,2017-10-01,290.0,289.0,0.996551724137931,0.9944581280788176,3.0,11.0,3.0028909329829174
34,34,34,34,34,34,34,34,34,34,34,34,34,34,34,34,34,34,34,34,34,34,34,34,34,34,2017-11-01,320.0,318.0,0.99375,0.9899553571428572,3.0,16.0,3.0042049934296977
35,35,35,35,35,35,35,35,35,35,35,35,35,35,35,35,35,35,35,35,35,35,35,35,35,35,2017-12-01,290.0,289.0,0.996551724137931,0.9944581280788176,6.0,54.0,3.01419185282523
36,36,36,36,36,36,36,36,36,36,36,36,36,36,36,36,36,36,36,36,36,36,36,36,36,36,2018-01-01,302.0,301.0,0.9966887417218544,0.9946783349101228,10.0,72.0,3.01892247043364
37,37,37,37,37,37,37,37,37,37,37,37,37,37,37,37,37,37,37,37,37,37,37,37,37,37,2018-02-01,241.0,239.0,0.991701244813278,0.9866627148784826,11.0,140.0,3.0367936925098555
38,38,38,38,38,38,38,38,38,38,38,38,38,38,38,38,38,38,38,38,38,38,38,38,38,38,2018-03-01,383.0,377.0,0.9843342036553524,0.9748228273032452,8.0,20.0,3.005256241787122
39,39,39,39,39,39,39,39,39,39,39,39,39,39,39,39,39,39,39,39,39,39,39,39,39,39,2018-04-01,361.0,359.0,0.994459833795014,0.9910961614562724,10.0,80.0,3.021024967148489
40,40,40,40,40,40,40,40,40,40,40,40,40,40,40,40,40,40,40,40,40,40,40,40,40,40,2018-05-01,358.0,356.0,0.994413407821229,0.991021548284118,13.0,126.0,3.0331143232588698
41,41,41,41,41,41,41,41,41,41,41,41,41,41,41,41,41,41,41,41,41,41,41,41,41,41,2018-06-01,330.0,328.0,0.993939393939394,0.9902597402597402,7.0,146.0,3.0383705650459922
42,42,42,42,42,42,42,42,42,42,42,42,42,42,42,42,42,42,42,42,42,42,42,42,42,42,2018-07-01,420.0,414.0,0.9857142857142858,0.9770408163265308,7.0,10.0,3.002628120893561
43,43,43,43,43,43,43,43,43,43,43,43,43,43,43,43,43,43,43,43,43,43,43,43,43,43,2018-08-01,354.0,354.0,1.0,1.0,7.0,57.0,3.014980289093298
44,44,44,44,44,44,44,44,44,44,44,44,44,44,44,44,44,44,44,44,44,44,44,44,44,44,2018-09-01,356.0,355.0,0.9971910112359552,0.9954855537720706,7.0,17.0,3.0044678055190537
45,45,45,45,45,45,45,45,45,45,45,45,45,45,45,45,45,45,45,45,45,45,45,45,45,45,2018-10-01,405.0,398.0,0.982716049382716,0.9722222222222224,10.0,76.0,3.0199737187910642
46,46,46,46,46,46,46,46,46,46,46,46,46,46,46,46,46,46,46,46,46,46,46,46,46,46,2018-11-01,283.0,278.0,0.9823321554770318,0.971605249873801,5.0,67.0,3.017608409986859
47,47,47,47,47,47,47,47,47,47,47,47,47,47,47,47,47,47,47,47,47,47,47,47,47,47,2018-12-01,281.0,278.0,0.98932384341637,0.9828418912048806,5.0,109.0,3.028646517739816
48,48,48,48,48,48,48,48,48,48,48,48,48,48,48,48,48,48,48,48,48,48,48,48,48,48,2019-01-01,286.0,283.0,0.9895104895104896,0.983141858141858,6.0,6.0,3.0015768725361367
49,49,49,49,49,49,49,49,49,49,49,49,49,49,49,49,49,49,49,49,49,49,49,49,49,49,2019-02-01,262.0,256.0,0.9770992366412212,0.96319520174482,1.0,2.0,3.0005256241787124
50,50,50,50,50,50,50,50,50,50,50,50,50,50,50,50,50,50,50,50,50,50,50,50,50,50,2019-03-01,345.0,340.0,0.9855072463768116,0.9767080745341616,9.0,123.0,3.0323258869908014
51,51,51,51,51,51,51,51,51,51,51,51,51,51,51,51,51,51,51,51,51,51,51,51,51,51,2019-04-01,312.0,303.0,0.971153846153846,0.95364010989011,8.0,10.0,3.002628120893561
52,52,52,52,52,52,52,52,52,52,52,52,52,52,52,52,52,52,52,52,52,52,52,52,52,52,2019-05-01,247.0,241.0,0.9757085020242916,0.9609600925390398,8.0,67.0,3.017608409986859
53,53,53,53,53,53,53,53,53,53,53,53,53,53,53,53,53,53,53,53,53,53,53,53,53,53,2019-06-01,250.0,242.0,0.968,0.9485714285714286,3.0,3.0,3.0007884362680683
54,54,54,54,54,54,54,54,54,54,54,54,54,54,54,54,54,54,54,54,54,54,54,54,54,54,2019-07-01,376.0,368.0,0.9787234042553192,0.96580547112462,11.0,98.0,3.0257555847568987
55,55,55,55,55,55,55,55,55,55,55,55,55,55,55,55,55,55,55,55,55,55,55,55,55,55,2019-08-01,312.0,306.0,0.9807692307692308,0.9690934065934064,12.0,34.0,3.008935611038108
56,56,56,56,56,56,56,56,56,56,56,56,56,56,56,56,56,56,56,56,56,56,56,56,56,56,2019-09-01,294.0,284.0,0.9659863945578232,0.94533527696793,6.0,481.0,3.126412614980289
57,57,57,57,57,57,57,57,57,57,57,57,57,57,57,57,57,57,57,57,57,57,57,57,57,57,2019-10-01,339.0,323.0,0.952802359882006,0.9241466498103664,3.0,4.0,3.0010512483574243
58,58,58,58,58,58,58,58,58,58,58,58,58,58,58,58,58,58,58,58,58,58,58,58,58,58,2019-11-01,252.0,244.0,0.9682539682539684,0.9489795918367347,0.0,0.0,3.0
59,59,59,59,59,59,59,59,59,59,59,59,59,59,59,59,59,59,59,59,59,59,59,59,59,59,2019-12-01,217.0,207.0,0.9539170506912442,0.9259381171823567,3.0,11.0,3.0028909329829174
60,60,60,60,60,60,60,60,60,60,60,60,60,60,60,60,60,60,60,60,60,60,60,60,60,60,2020-01-01,212.0,197.0,0.929245283018868,0.886287061994609,4.0,14.0,3.0036793692509853
61,61,61,61,61,61,61,61,61,61,61,61,61,61,61,61,61,61,61,61,61,61,61,61,61,61,2020-02-01,191.0,174.0,0.9109947643979056,0.856955871353777,5.0,16.0,3.0042049934296977
62,62,62,62,62,62,62,62,62,62,62,62,62,62,62,62,62,62,62,62,62,62,62,62,62,62,2020-03-01,195.0,174.0,0.8923076923076924,0.8269230769230771,9.0,20.0,3.005256241787122
63,63,63,63,63,63,63,63,63,63,63,63,63,63,63,63,63,63,63,63,63,63,63,63,63,63,2020-04-01,242.0,202.0,0.8347107438016529,0.7343565525383706,7.0,29.0,3.007621550591327
64,64,64,64,64,64,64,64,64,64,64,64,64,64,64,64,64,64,64,64,64,64,64,64,64,64,2020-05-01,155.0,127.0,0.8193548387096774,0.7096774193548387,2.0,3.0,3.0007884362680683
65,65,65,65,65,65,65,65,65,65,65,65,65,65,65,65,65,65,65,65,65,65,65,65,65,65,2020-06-01,179.0,131.0,0.7318435754189944,0.5690343176376695,3.0,204.0,3.0536136662286464
66,66,66,66,66,66,66,66,66,66,66,66,66,66,66,66,66,66,66,66,66,66,66,66,66,66,2020-07-01,218.0,120.0,0.5504587155963303,0.2775229357798165,3.0,2059.0,3.5411300919842312
67,67,67,67,67,67,67,67,67,67,67,67,67,67,67,67,67,67,67,67,67,67,67,67,67,67,2020-08-01,190.0,108.0,0.5684210526315789,0.306390977443609,3.0,4.0,3.0010512483574243
68,68,68,68,68,68,68,68,68,68,68,68,68,68,68,68,68,68,68,68,68,68,68,68,68,68,2020-09-01,199.0,95.0,0.4773869346733668,0.1600861450107681,4.0,14.0,3.0036793692509853
69,69,69,69,69,69,69,69,69,69,69,69,69,69,69,69,69,69,69,69,69,69,69,69,69,69,2020-10-01,142.0,75.0,0.528169014084507,0.2417002012072433,4.0,20.0,3.005256241787122
70,70,70,70,70,70,70,70,70,70,70,70,70,70,70,70,70,70,70,70,70,70,70,70,70,70,2020-11-01,139.0,78.0,0.5611510791366906,0.2947070914696813,3.0,112.0,3.0294349540078844
71,71,71,71,71,71,71,71,71,71,71,71,71,71,71,71,71,71,71,71,71,71,71,71,71,71,2020-12-01,124.0,82.0,0.6612903225806451,0.4556451612903225,2.0,7.0,3.0018396846254927
72,72,72,72,72,72,72,72,72,72,72,72,72,72,72,72,72,72,72,72,72,72,72,72,72,72,2021-01-01,112.0,75.0,0.6696428571428571,0.4690688775510203,4.0,149.0,3.0391590013140606
73,73,73,73,73,73,73,73,73,73,73,73,73,73,73,73,73,73,73,73,73,73,73,73,73,73,2021-02-01,207.0,140.0,0.6763285024154589,0.4798136645962731,6.0,8.0,3.002102496714849
74,74,74,74,74,74,74,74,74,74,74,74,74,74,74,74,74,74,74,74,74,74,74,74,74,74,2021-03-01,154.0,59.0,0.3831168831168831,0.0085807050092764,7.0,22.0,3.0057818659658344
75,75,75,75,75,75,75,75,75,75,75,75,75,75,75,75,75,75,75,75,75,75,75,75,75,75,2021-04-01,135.0,52.0,0.3851851851851852,0.0119047619047618,2.0,10.0,3.002628120893561
76,76,76,76,76,76,76,76,76,76,76,76,76,76,76,76,76,76,76,76,76,76,76,76,76,76,2021-05-01,126.0,53.0,0.4206349206349206,0.0688775510204081,6.0,13.0,3.0034165571616294
77,77,77,77,77,77,77,77,77,77,77,77,77,77,77,77,77,77,77,77,77,77,77,77,77,77,2021-06-01,117.0,48.0,0.4102564102564102,0.0521978021978021,5.0,12.0,3.0031537450722734
78,78,78,78,78,78,78,78,78,78,78,78,78,78,78,78,78,78,78,78,78,78,78,78,78,78,2021-07-01,90.0,34.0,0.3777777777777777,0.0,9.0,33.0,3.008672798948752
79,79,79,79,79,79,79,79,79,79,79,79,79,79,79,79,79,79,79,79,79,79,79,79,79,79,2021-08-01,139.0,112.0,0.8057553956834532,0.6878211716341212,2.0,2.0,3.0005256241787124
80,80,80,80,80,80,80,80,80,80,80,80,80,80,80,80,80,80,80,80,80,80,80,80,80,80,2021-09-01,126.0,101.0,0.8015873015873016,0.681122448979592,5.0,26.0,3.0068331143232587
81,81,81,81,81,81,81,81,81,81,81,81,81,81,81,81,81,81,81,81,81,81,81,81,81,81,2021-10-01,138.0,107.0,0.7753623188405797,0.6389751552795031,8.0,81.0,3.021287779237845
82,82,82,82,82,82,82,82,82,82,82,82,82,82,82,82,82,82,82,82,82,82,82,82,82,82,2021-11-01,113.0,87.0,0.7699115044247787,0.6302149178255372,10.0,57.0,3.014980289093298
83,83,83,83,83,83,83,83,83,83,83,83,83,83,83,83,83,83,83,83,83,83,83,83,83,83,2021-12-01,78.0,57.0,0.7307692307692307,0.5673076923076923,7.0,187.0,3.0491458607095927
84,84,84,84,84,84,84,84,84,84,84,84,84,84,84,84,84,84,84,84,84,84,84,84,84,84,2022-01-01,122.0,97.0,0.7950819672131147,0.6706674473067915,8.0,89.0,3.0233902759526936
85,85,85,85,85,85,85,85,85,85,85,85,85,85,85,85,85,85,85,85,85,85,85,85,85,85,2022-02-01,115.0,87.0,0.7565217391304347,0.6086956521739129,7.0,53.0,3.013929040735874
86,86,86,86,86,86,86,86,86,86,86,86,86,86,86,86,86,86,86,86,86,86,86,86,86,86,2022-03-01,118.0,86.0,0.7288135593220338,0.5641646489104115,4.0,23.0,3.0060446780551904
87,87,87,87,87,87,87,87,87,87,87,87,87,87,87,87,87,87,87,87,87,87,87,87,87,87,2022-04-01,124.0,96.0,0.7741935483870968,0.6370967741935483,3.0,32.0,3.0084099868593954
88,88,88,88,88,88,88,88,88,88,88,88,88,88,88,88,88,88,88,88,88,88,88,88,88,88,2022-05-01,99.0,86.0,0.8686868686868687,0.7889610389610391,7.0,798.0,3.209724047306176
89,89,89,89,89,89,89,89,89,89,89,89,89,89,89,89,89,89,89,89,89,89,89,89,89,89,2022-06-01,124.0,103.0,0.8306451612903226,0.7278225806451613,7.0,12.0,3.0031537450722734
90,90,90,90,90,90,90,90,90,90,90,90,90,90,90,90,90,90,90,90,90,90,90,90,90,90,2022-07-01,128.0,90.0,0.703125,0.5228794642857142,8.0,70.0,3.0183968462549275
91,91,91,91,91,91,91,91,91,91,91,91,91,91,91,91,91,91,91,91,91,91,91,91,91,91,2022-08-01,118.0,55.0,0.4661016949152542,0.1419491525423728,5.0,575.0,3.1511169513797634
92,92,92,92,92,92,92,92,92,92,92,92,92,92,92,92,92,92,92,92,92,92,92,92,92,92,2022-09-01,145.0,73.0,0.503448275862069,0.2019704433497536,9.0,29.0,3.007621550591327
93,93,93,93,93,93,93,93,93,93,93,93,93,93,93,93,93,93,93,93,93,93,93,93,93,93,2022-10-01,132.0,70.0,0.5303030303030303,0.2451298701298701,4.0,126.0,3.0331143232588698
94,94,94,94,94,94,94,94,94,94,94,94,94,94,94,94,94,94,94,94,94,94,94,94,94,94,2022-11-01,183.0,102.0,0.5573770491803278,0.2886416861826697,7.0,54.0,3.01419185282523
95,95,95,95,95,95,95,95,95,95,95,95,95,95,95,95,95,95,95,95,95,95,95,95,95,95,2022-12-01,137.0,53.0,0.3868613138686131,0.0145985401459853,4.0,20.0,3.005256241787122
96,96,96,96,96,96,96,96,96,96,96,96,96,96,96,96,96,96,96,96,96,96,96,96,96,96,2023-01-01,134.0,60.0,0.4477611940298507,0.1124733475479744,9.0,213.0,3.0559789750328514
97,97,97,97,97,97,97,97,97,97,97,97,97,97,97,97,97,97,97,97,97,97,97,97,97,97,2023-02-01,0.0,0.0,0.0,0.0,5.0,53.0,3.013929040735874
