date,Total_issue,closed_issue,ratio,Total_pull,changed_files,scaled,changed_files_scaled
2020-05-01,60.0,9.0,0.5294117647058824,80.0,42.0,0.625668449197861,6.161290322580646
2020-06-01,72.0,12.0,0.6,46.66666666666667,88.0,0.7090909090909091,9.623655913978496
2020-07-01,68.0,10.0,0.5263157894736842,40.0,72.0,0.6220095693779905,8.419354838709678
2020-08-01,84.0,8.0,0.3478260869565217,6.666666666666667,14.0,0.4110671936758893,4.053763440860215
2020-09-01,100.0,14.0,0.5185185185185185,66.66666666666667,93.0,0.6127946127946128,10.0
2020-10-01,88.0,16.0,0.6666666666666666,100.0,67.0,0.7878787878787878,8.043010752688172
2020-11-01,68.0,11.0,0.5789473684210527,40.0,91.0,0.6842105263157895,9.849462365591398
2020-12-01,48.0,7.0,0.5,26.666666666666668,59.0,0.5909090909090909,7.440860215053764
2021-01-01,44.0,8.0,0.6153846153846154,33.333333333333336,17.0,0.7272727272727274,4.279569892473118
2021-02-01,64.0,12.0,0.6666666666666666,46.66666666666667,24.0,0.7878787878787878,4.806451612903226
2021-03-01,72.0,13.0,0.65,20.0,11.0,0.7681818181818183,3.827956989247312
2021-04-01,44.0,11.0,0.8461538461538461,40.0,12.0,1.0,3.903225806451613
2021-05-01,16.0,3.0,0.5,53.333333333333336,41.0,0.5909090909090909,6.086021505376344
2021-06-01,60.0,6.0,0.3529411764705882,53.333333333333336,91.0,0.4171122994652407,9.849462365591398
2021-07-01,36.0,5.0,0.4545454545454545,40.0,12.0,0.5371900826446281,3.903225806451613
2021-08-01,76.0,16.0,0.7619047619047619,0.0,0.0,0.9004329004329005,3.0
2021-09-01,44.0,8.0,0.6153846153846154,0.0,0.0,0.7272727272727274,3.0
2021-10-01,56.0,9.0,0.5625,26.666666666666668,14.0,0.6647727272727273,4.053763440860215
2021-11-01,60.0,4.0,0.2352941176470588,66.66666666666667,65.0,0.2780748663101604,7.89247311827957
2021-12-01,24.0,2.0,0.25,20.0,5.0,0.2954545454545454,3.376344086021505
2022-01-01,40.0,3.0,0.25,20.0,3.0,0.2954545454545454,3.225806451612903
2022-02-01,36.0,5.0,0.4545454545454545,0.0,0.0,0.5371900826446281,3.0
2022-03-01,12.0,3.0,0.6,20.0,9.0,0.7090909090909091,3.67741935483871
2022-04-01,0.0,0.0,0.0,6.666666666666667,2.0,0.0,3.150537634408602
2022-05-01,12.0,3.0,0.6,0.0,0.0,0.7090909090909091,3.0
2022-06-01,16.0,2.0,0.3333333333333333,13.333333333333334,2.0,0.3939393939393939,3.150537634408602
2022-07-01,48.0,8.0,0.5714285714285714,33.333333333333336,11.0,0.6753246753246753,3.827956989247312
2022-08-01,8.0,1.0,0.25,6.666666666666667,2.0,0.2954545454545454,3.150537634408602
2022-09-01,48.0,7.0,0.5,26.666666666666668,11.0,0.5909090909090909,3.827956989247312
2022-10-01,40.0,4.0,0.3333333333333333,13.333333333333334,9.0,0.3939393939393939,3.67741935483871
2022-11-01,60.0,7.0,0.4117647058823529,13.333333333333334,14.0,0.4866310160427807,4.053763440860215
2022-12-01,16.0,2.0,0.3333333333333333,13.333333333333334,3.0,0.3939393939393939,3.225806451612903
2023-01-01,4.0,2.0,0.6666666666666666,0.0,0.0,0.7878787878787878,3.0
