,issue_id,Importance Type
0,3331,Medium
1,3483,High
2,3085,Medium
3,3434,High
4,1634,Low
5,3027,Low
6,3187,Low
7,3492,Medium
8,3489,Low
9,3421,Low
10,3444,High
11,3428,Low
12,3348,High
13,3447,High
14,2809,Low
15,3471,Low
16,3181,Medium
17,1723,Medium
18,3258,High
19,1801,Low
20,3454,Medium
21,3457,Low
22,3387,Medium
23,3403,High
24,3437,Medium
25,3418,Medium
26,2931,Medium
27,3231,Medium
28,3420,Low
29,2604,Low
30,3236,High
31,3239,Low
32,3286,Medium
33,3352,High
34,3246,Medium
35,3393,Medium
36,2818,Low
37,3296,Low
38,3216,Low
39,3072,Low
40,3120,Low
41,3114,Low
42,3328,Medium
43,3305,Medium
44,3382,Low
45,3390,High
46,3386,High
47,3291,Medium
48,3106,Low
49,3397,Medium
50,3281,Low
51,2646,Low
52,3334,Low
53,3327,Medium
54,3254,Medium
55,3369,Medium
56,3076,Medium
57,3353,High
58,3376,Medium
59,925,Low
60,3310,Medium
61,17,Low
62,3249,Low
63,3288,Low
64,3191,Medium
65,2631,Low
66,1077,Low
67,3303,High
68,3272,Medium
69,2804,Low
70,3289,High
71,3315,Low
72,3307,Low
73,1952,Low
74,2812,Low
75,3302,Medium
76,3169,Low
77,1249,Low
78,3087,Low
79,2096,Medium
80,1903,Low
81,3009,Low
82,586,Low
83,193,Low
84,2807,Medium
85,3264,Medium
86,3248,Medium
87,3167,High
88,3058,Low
89,3159,Low
90,2813,Low
91,3143,High
92,3201,High
93,2790,Low
94,3111,Low
95,3225,Low
96,3055,Low
97,2707,Low
98,1806,Low
99,3198,Medium
100,2962,Low
101,3090,Medium
102,3175,High
103,3213,High
104,3215,Low
105,2684,Low
106,3173,High
107,2792,Medium
108,2606,Low
109,3093,High
110,1428,Low
111,2621,Low
112,3188,High
113,2572,Low
114,3128,Low
115,3165,Medium
116,3160,High
117,1894,Low
118,3174,Medium
119,3146,High
120,1706,Low
121,2318,Medium
122,2926,Low
123,3019,Medium
124,2811,Low
125,3139,Medium
126,3107,Low
127,3141,Low
128,1951,Low
129,3140,High
130,1475,Low
131,2810,Low
132,2751,Low
133,2826,High
134,3084,High
135,2771,Medium
136,2026,Low
137,3105,Low
138,2644,High
139,2865,Low
140,3117,Medium
141,3108,High
142,3104,Medium
143,2251,Low
144,2836,Low
145,1019,Low
146,2636,Low
147,3102,Low
148,2589,Low
149,2946,High
150,2672,Low
151,2896,Medium
152,2532,Low
153,2761,Low
154,2715,Low
155,2688,Low
156,2660,Low
157,2609,Low
158,2992,High
159,3044,Medium
160,2600,Low
161,2204,Low
162,2203,Low
163,2976,Low
164,2816,Medium
165,3024,Low
166,2853,High
167,3012,High
168,2967,Medium
169,2924,Medium
170,2985,Medium
171,2999,High
172,2374,Low
173,2805,Low
174,2587,Medium
175,2869,High
176,2580,High
177,2939,Medium
178,2969,Low
179,2615,Low
180,2954,Low
181,2709,Medium
182,2793,Medium
183,2780,Medium
184,2938,Low
185,2937,Medium
186,2828,Medium
187,2885,High
188,2922,Low
189,2904,Medium
190,2881,High
191,2137,Low
192,2902,Low
193,2901,Low
194,2392,Low
195,1661,Low
196,2882,Low
197,2888,Low
198,2834,High
199,2052,Low
200,2841,Low
201,2760,Low
202,1044,High
203,2485,Medium
204,2867,Medium
205,2622,Low
206,2817,Low
207,2445,Low
208,2851,Low
209,2040,Medium
210,2058,Low
211,2353,Low
212,2319,Medium
213,2464,Low
214,2794,Medium
215,2835,High
216,2787,Low
217,2368,Low
218,2833,Low
219,2821,High
220,2824,Medium
221,2656,Medium
222,2822,Medium
223,2754,Medium
224,2679,High
225,2701,Medium
226,2623,Low
227,2712,Medium
228,2785,Low
229,2344,Low
230,2555,Medium
231,1842,Low
232,2416,Medium
233,2746,Medium
234,1737,Low
235,2669,Low
236,2693,Low
237,2747,Low
238,1749,Low
239,2628,Medium
240,2706,Medium
241,2708,Medium
242,980,Low
243,759,Low
244,2671,Medium
245,2560,Medium
246,2687,Medium
247,2695,High
248,2692,High
249,2611,Low
250,2505,Low
251,2397,Low
252,1504,Medium
253,1345,Low
254,1052,Low
255,993,Low
256,2686,Medium
257,2667,Low
258,2527,High
259,2356,Low
260,2540,Low
261,1782,Low
262,2421,Low
263,2620,High
264,2645,Medium
265,2641,Low
266,2403,Low
267,2304,Low
268,2512,Low
269,2613,High
270,1908,High
271,2406,High
272,1786,Low
273,2607,Medium
274,2608,High
275,2592,High
276,2594,High
277,2541,High
278,2586,Medium
279,2529,Medium
280,2582,Medium
281,2552,Medium
282,2568,Medium
283,2475,Medium
284,1915,Low
285,2291,Medium
286,2177,Medium
287,2524,Medium
288,2563,Low
289,2551,Low
290,2558,Medium
291,2081,Medium
292,2549,Medium
293,2456,High
294,2450,High
295,2429,Medium
296,2394,Medium
297,1057,Low
298,2536,High
299,2544,High
300,2451,Low
301,2521,High
302,2535,Low
303,2365,Medium
304,2409,Medium
305,1702,Low
306,2435,High
307,2430,Medium
308,2037,Low
309,2470,Medium
310,2507,Medium
311,2504,High
312,2500,High
313,2492,Medium
314,2338,Medium
315,2417,Low
316,2493,Medium
317,2455,High
318,2465,Low
319,2452,Low
320,2439,Low
321,2396,High
322,2402,Low
323,2428,Low
324,2469,Medium
325,486,High
326,2201,Low
327,2244,Low
328,2190,Low
329,2250,Medium
330,2449,High
331,2405,High
332,2186,Low
333,2447,Medium
334,2391,High
335,2139,High
336,1668,Low
337,2043,Low
338,2411,Medium
339,2422,High
340,2249,Low
341,2216,High
342,2301,High
343,2349,Low
344,1579,Low
345,2292,Low
346,1590,Low
347,2331,High
348,2357,Medium
349,1893,High
350,1950,Medium
351,2324,High
352,779,Low
353,2242,Low
354,2370,Medium
355,2367,Low
356,2348,High
357,1920,Low
358,1859,Low
359,2221,Low
360,2351,Low
361,1973,Low
362,2346,Low
363,2339,Medium
364,2317,Medium
365,2277,High
366,2255,Medium
367,2191,High
368,2306,High
369,2060,Low
370,2312,High
371,2276,High
372,2288,High
373,2261,High
374,2310,High
375,2252,Low
376,1981,High
377,600,Low
378,2131,High
379,2305,High
380,2269,Medium
381,2222,Low
382,2219,Low
383,2167,High
384,1921,Low
385,2258,High
386,2110,High
387,2022,Low
388,2280,Medium
389,2273,High
390,2235,Low
391,2119,Low
392,2100,Medium
393,2118,Low
394,2178,High
395,2074,Low
396,2085,Low
397,2266,Low
398,1958,Low
399,2197,Low
400,2142,Medium
401,2028,Low
402,2033,Low
403,1194,Low
404,2241,Medium
405,2238,High
406,2223,Medium
407,2079,Low
408,2113,Low
409,2032,Low
410,2030,Low
411,2134,Medium
412,1897,Medium
413,2042,Low
414,538,Medium
415,1779,Medium
416,2194,Medium
417,2019,Medium
418,1863,Low
419,2092,Medium
420,2187,Medium
421,2183,High
422,2174,Medium
423,2173,Low
424,1170,Low
425,2146,High
426,1171,Low
427,2073,Medium
428,2153,High
429,2138,Low
430,2055,High
431,2029,Low
432,2116,Low
433,1977,High
434,2094,High
435,1081,Low
436,1892,Medium
437,1872,High
438,2057,Low
439,2011,Low
440,1971,Low
441,2076,Medium
442,2035,High
443,1943,Medium
444,1939,High
445,1935,High
446,1932,Medium
447,1929,Medium
448,1924,Medium
449,1911,High
450,2086,Medium
451,2056,Medium
452,1722,Low
453,2089,Medium
454,1917,Low
455,2093,Medium
456,1721,Low
457,2002,Low
458,1753,Low
459,1815,Medium
460,1979,High
461,2059,Low
462,2034,High
463,1720,Low
464,1583,Low
465,1767,Low
466,1799,Low
467,1800,Low
468,1804,Low
469,2036,Medium
470,2027,Medium
471,1070,Low
472,1947,Medium
473,1986,Low
474,2023,Low
475,1589,Low
476,1719,Low
477,2010,Low
478,1835,Medium
479,1993,High
480,1537,Low
481,672,Low
482,1988,High
483,1989,Medium
484,1117,Low
485,1956,Medium
486,1740,Low
487,1963,Medium
488,1955,Medium
489,1310,Medium
490,1970,Medium
491,1945,High
492,1968,Low
493,1557,Low
494,1954,Medium
495,1226,Low
496,1618,Low
497,625,Low
498,1873,Low
499,1940,Medium
500,1754,High
501,1417,Low
502,1312,Low
503,1142,Low
504,1282,Low
505,1657,Low
506,1738,Low
507,1904,High
508,719,Low
509,1898,High
510,1882,High
511,1887,Medium
512,1796,Medium
513,841,Low
514,1885,High
515,1812,Low
516,1814,Low
517,1880,Medium
518,1870,Medium
519,1866,High
520,1865,High
521,573,Low
522,1725,Medium
523,1686,Low
524,1640,Low
525,1615,Medium
526,1669,High
527,1797,Low
528,1811,Medium
529,182,Low
530,1844,High
531,1820,Low
532,1739,Medium
533,1853,Low
534,1838,High
535,1011,Low
536,1833,High
537,1847,Low
538,1724,Low
539,1712,Medium
540,1793,Medium
541,1819,Medium
542,1807,Medium
543,1630,Medium
544,1790,Medium
545,1805,Medium
546,1007,Low
547,1464,High
548,1681,Low
549,1109,Low
550,82,Low
551,1478,Low
552,1679,Low
553,1787,Medium
554,1788,Low
555,769,Medium
556,1777,High
557,1784,Medium
558,1145,Low
559,1695,High
560,1748,High
561,1771,Medium
562,1773,Low
563,1651,Low
564,1701,High
565,1732,High
566,1714,Low
567,1698,High
568,1587,Medium
569,1728,Medium
570,1608,High
571,1561,Low
572,293,Low
573,577,Low
574,1281,High
575,1716,Low
576,1687,Medium
577,1538,Low
578,1563,Low
579,1528,Low
580,1699,Low
581,1410,High
582,335,Low
583,1581,Medium
584,1632,Medium
585,929,Low
586,1539,High
587,1643,Medium
588,1637,High
589,1465,Medium
590,1650,Medium
591,1533,Low
592,1555,High
593,1576,High
594,997,Low
595,1627,Medium
596,1544,Low
597,1468,Low
598,1421,Low
599,1407,Medium
600,1229,Low
601,1443,High
602,1454,Low
603,1642,Low
604,1362,Low
605,1631,High
606,1582,High
607,687,Low
608,1610,Medium
609,679,Low
610,1607,High
611,1612,Low
612,1568,Low
613,1269,Low
614,1547,High
615,1532,Low
616,1593,Medium
617,1599,Medium
618,1600,Medium
619,1222,Low
620,371,Low
621,1357,Medium
622,1038,Low
623,1592,Medium
624,1156,Low
625,1005,Low
626,1488,Medium
627,1435,Medium
628,1503,High
629,1411,Medium
630,1466,Low
631,1513,Low
632,1232,Low
633,1240,Low
634,1308,Low
635,1373,Low
636,1246,Medium
637,1560,Low
638,1566,High
639,1548,Medium
640,1193,Low
641,1510,Medium
642,1507,High
643,1553,Medium
644,1552,Medium
645,1476,High
646,797,Low
647,39,Low
648,865,Low
649,1505,Medium
650,1530,Medium
651,1534,Low
652,1463,Medium
653,1381,Medium
654,1397,Medium
655,827,Low
656,1185,High
657,1452,Low
658,1499,High
659,963,Low
660,1218,Low
661,1262,Low
662,1433,Low
663,1353,Low
664,1453,Medium
665,1523,High
666,1522,Medium
667,1521,High
668,1520,Medium
669,1519,Medium
670,1518,High
671,1517,High
672,1516,Low
673,1511,Low
674,1439,Medium
675,1491,Medium
676,135,Low
677,392,Low
678,1494,High
679,1497,Low
680,1481,Medium
681,1474,High
682,1483,Medium
683,1337,High
684,937,Low
685,1366,Low
686,589,Low
687,1462,Medium
688,1447,High
689,1396,Low
690,1416,High
691,1438,Medium
692,1335,Medium
693,1173,Low
694,1440,High
695,1445,High
696,1434,Medium
697,1449,Low
698,809,Low
699,1091,Medium
700,1233,Low
701,1276,Medium
702,1318,Low
703,1374,High
704,1327,High
705,1418,Medium
706,1311,Medium
707,1415,Low
708,1409,High
709,1404,High
710,1305,Medium
711,1356,Low
712,1403,Low
713,482,Low
714,655,Low
715,1248,Medium
716,673,Low
717,1384,High
718,1382,High
719,1135,Low
720,1376,Medium
721,1369,Medium
722,1006,Low
723,688,Low
724,1370,Low
725,1155,Medium
726,701,Low
727,597,Low
728,670,Low
729,752,Low
730,967,Low
731,1358,High
732,1350,High
733,1351,Low
734,1316,High
735,1343,Medium
736,1241,Low
737,864,Low
738,859,Low
739,1295,Low
740,1330,Low
741,1033,Low
742,1234,Medium
743,197,Low
744,1317,Low
745,1139,Medium
746,1296,High
747,1303,High
748,1189,Medium
749,1302,Medium
750,1307,High
751,1179,High
752,1167,Low
753,1304,Medium
754,1299,High
755,1298,Medium
756,1125,Low
757,312,High
758,295,High
759,1272,Medium
760,1219,Medium
761,1097,High
762,1292,Medium
763,1221,High
764,1250,High
765,857,Low
766,1140,Low
767,1197,Low
768,1278,Low
769,1270,Low
770,1280,Low
771,1277,Medium
772,1264,High
773,1260,Medium
774,1184,High
775,1206,Medium
776,1273,Low
777,1105,Low
778,1268,Low
779,1258,High
780,1261,Medium
781,1237,High
782,1164,Low
783,1243,High
784,1236,High
785,1168,Medium
786,1144,High
787,1238,Low
788,1153,High
789,81,Low
790,1058,Low
791,1230,Medium
792,1228,High
793,807,Low
794,1049,High
795,1122,Medium
796,804,Low
797,1080,Low
798,955,Low
799,1108,Medium
800,1175,High
801,1078,Medium
802,1213,Low
803,1200,Medium
804,1207,Low
805,1148,High
806,1174,High
807,1098,Medium
808,1068,Low
809,1061,Low
810,1026,Low
811,1062,Low
812,1178,High
813,914,Low
814,957,Medium
815,1093,Low
816,1183,High
817,1154,Low
818,1112,High
819,1065,Medium
820,1159,Low
821,1046,High
822,1147,Medium
823,1188,Medium
824,611,Medium
825,658,Low
826,1116,High
827,1172,Medium
828,1130,Medium
829,1150,Medium
830,1004,Medium
831,895,Low
832,753,Low
833,1051,Low
834,1143,Low
835,725,Low
836,1102,Medium
837,899,Low
838,847,Low
839,778,Low
840,1023,Low
841,1031,Low
842,968,Medium
843,1126,Low
844,933,Low
845,1103,Medium
846,998,Medium
847,1104,High
848,1067,High
849,1094,High
850,423,Low
851,1084,High
852,1090,High
853,1096,Medium
854,647,Low
855,1092,Medium
856,1089,Low
857,975,High
858,1069,High
859,1012,Low
860,1002,Medium
861,1085,Medium
862,902,Low
863,1037,Low
864,1075,Low
865,1073,Medium
866,988,High
867,749,Medium
868,928,Low
869,974,Medium
870,858,Low
871,1050,High
872,635,Low
873,930,Medium
874,1072,Medium
875,1074,Low
876,1034,High
877,1053,High
878,1010,Medium
879,1055,Low
880,1043,High
881,1039,Medium
882,1027,High
883,942,High
884,1054,Low
885,356,Low
886,1041,Low
887,886,High
888,983,High
889,944,Medium
890,916,Low
891,1017,Low
892,1009,Medium
893,798,Low
894,315,Low
895,830,High
896,1014,Medium
897,741,Low
898,994,Medium
899,1001,Medium
900,961,High
901,540,Low
902,981,Medium
903,793,Medium
904,721,Low
905,986,Medium
906,740,Low
907,985,Medium
908,649,Low
909,950,High
910,973,High
911,932,High
912,125,Low
913,972,Medium
914,956,High
915,924,Medium
916,966,Low
917,387,Low
918,954,High
919,588,Medium
920,939,Medium
921,739,Low
922,874,Low
923,941,High
924,921,Medium
925,851,Low
926,958,Low
927,472,Low
928,919,Medium
929,918,Low
930,951,Medium
931,882,Low
932,777,Low
933,801,Low
934,948,Medium
935,946,Medium
936,202,Low
937,945,High
938,599,Low
939,878,High
940,894,Medium
941,893,Medium
942,940,Medium
943,881,Medium
944,900,High
945,766,Medium
946,915,Medium
947,448,Low
948,911,Medium
949,912,Medium
950,907,High
951,908,High
952,891,High
953,848,Medium
954,369,Low
955,770,Medium
956,862,Medium
957,815,Low
958,903,High
959,883,Medium
960,897,Medium
961,657,Low
962,896,Low
963,892,Medium
964,889,Low
965,879,High
966,849,Medium
967,872,High
968,867,High
969,876,Medium
970,835,Medium
971,829,Medium
972,856,Medium
973,861,Medium
974,743,High
975,750,Low
976,704,Medium
977,846,Medium
978,822,High
979,783,Medium
980,854,Medium
981,810,High
982,842,Medium
983,853,Medium
984,844,Medium
985,786,Medium
986,806,Low
987,839,Medium
988,840,Medium
989,833,High
990,696,Low
991,714,Medium
992,817,High
993,824,Medium
994,787,High
995,747,Medium
996,821,Low
997,818,High
998,805,High
999,764,Low
1000,802,High
1001,799,High
1002,791,High
1003,748,Low
1004,675,Low
1005,726,Low
1006,653,Low
1007,705,High
1008,744,Low
1009,732,Medium
1010,774,Low
1011,763,Medium
1012,268,Low
1013,789,Medium
1014,790,Low
1015,715,Low
1016,710,Low
1017,767,High
1018,601,Medium
1019,605,Medium
1020,758,High
1021,756,High
1022,738,High
1023,760,Low
1024,668,Medium
1025,666,Medium
1026,735,High
1027,716,High
1028,707,High
1029,742,Medium
1030,720,High
1031,709,High
1032,651,Low
1033,664,High
1034,661,High
1035,637,Low
1036,617,High
1037,535,High
1038,594,Low
1039,662,Medium
1040,488,Low
1041,580,Medium
1042,700,High
1043,440,Low
1044,695,High
1045,694,Medium
1046,699,Low
1047,686,High
1048,248,Low
1049,691,Medium
1050,610,Medium
1051,690,Medium
1052,636,Medium
1053,685,Medium
1054,684,Medium
1055,211,Medium
1056,680,Low
1057,665,High
1058,624,Medium
1059,564,Low
1060,674,Low
1061,660,Medium
1062,602,High
1063,644,High
1064,465,Low
1065,634,Low
1066,407,Medium
1067,414,Low
1068,475,Medium
1069,603,Low
1070,633,Medium
1071,632,Medium
1072,622,High
1073,333,Low
1074,373,Low
1075,623,Medium
1076,619,High
1077,544,High
1078,227,Low
1079,592,Medium
1080,476,High
1081,528,Low
1082,516,Medium
1083,595,Low
1084,571,Medium
1085,525,High
1086,562,High
1087,521,Low
1088,461,Medium
1089,491,Medium
1090,499,Low
1091,492,Low
1092,341,Low
1093,585,High
1094,587,Medium
1095,570,High
1096,561,High
1097,565,High
1098,567,Medium
1099,569,Medium
1100,566,Medium
1101,563,High
1102,558,High
1103,552,Medium
1104,513,Low
1105,453,High
1106,446,Medium
1107,543,Low
1108,397,Low
1109,252,Low
1110,536,High
1111,447,Low
1112,519,High
1113,277,Low
1114,469,Low
1115,443,Medium
1116,506,High
1117,474,High
1118,479,High
1119,198,Low
1120,515,Medium
1121,483,High
1122,507,Low
1123,508,High
1124,498,High
1125,378,Low
1126,382,Low
1127,377,High
1128,500,Low
1129,470,Low
1130,223,Low
1131,429,High
1132,487,High
1133,489,Low
1134,462,Low
1135,477,Low
1136,412,Low
1137,413,Low
1138,411,Medium
1139,409,Low
1140,410,Low
1141,457,Low
1142,403,Low
1143,265,Low
1144,196,Low
1145,283,Low
1146,291,High
1147,466,High
1148,394,High
1149,336,Low
1150,216,Medium
1151,421,Low
1152,425,Medium
1153,454,Medium
1154,441,High
1155,383,Low
1156,458,Medium
1157,455,High
1158,442,Medium
1159,445,High
1160,452,Low
1161,313,High
1162,435,Low
1163,437,Medium
1164,449,Low
1165,126,Low
1166,430,High
1167,419,Medium
1168,372,High
1169,424,High
1170,431,High
1171,426,Medium
1172,276,High
1173,280,Medium
1174,408,Low
1175,388,High
1176,401,Medium
1177,391,Medium
1178,101,Medium
1179,358,Medium
1180,334,Medium
1181,281,High
1182,365,High
1183,263,Low
1184,366,High
1185,307,Low
1186,260,Low
1187,363,Low
1188,361,High
1189,360,High
1190,151,Medium
1191,294,Medium
1192,274,Medium
1193,289,Low
1194,207,Low
1195,61,Low
1196,262,Low
1197,328,Medium
1198,327,Medium
1199,254,Low
1200,342,Medium
1201,344,Medium
1202,275,Medium
1203,300,High
1204,321,Low
1205,288,Medium
1206,337,Medium
1207,316,High
1208,236,Medium
1209,302,High
1210,323,Low
1211,325,Low
1212,320,High
1213,309,High
1214,301,Medium
1215,296,Medium
1216,287,High
1217,282,Low
1218,278,High
1219,267,Medium
1220,171,Low
1221,96,Low
1222,279,Medium
1223,249,Medium
1224,192,High
1225,270,High
1226,269,High
1227,140,Low
1228,191,High
1229,261,Medium
1230,264,Medium
1231,221,Medium
1232,250,Medium
1233,257,Medium
1234,251,High
1235,256,Medium
1236,255,Low
1237,246,Medium
1238,244,High
1239,224,High
1240,238,Medium
1241,237,Low
1242,228,Medium
1243,222,Low
1244,218,Medium
1245,206,High
1246,111,Low
1247,226,High
1248,110,Medium
1249,91,Low
1250,90,Medium
1251,219,High
1252,199,Medium
1253,163,Low
1254,187,Low
1255,185,High
1256,184,Medium
1257,215,Low
1258,183,Medium
1259,205,High
1260,120,Low
1261,188,Low
1262,189,Low
1263,190,Medium
1264,118,Low
1265,181,Low
1266,63,Low
1267,176,Low
1268,179,Medium
1269,175,Medium
1270,164,Low
1271,168,Low
1272,169,Medium
1273,162,High
1274,158,Low
1275,147,Medium
1276,155,Low
1277,153,Low
1278,143,High
1279,149,Medium
1280,48,Medium
1281,150,Medium
1282,58,Low
1283,144,Medium
1284,141,Medium
1285,93,Low
1286,117,High
1287,67,Low
1288,116,Medium
1289,127,Medium
1290,128,High
1291,104,High
1292,123,Low
1293,115,High
1294,94,High
1295,97,Medium
1296,105,Low
1297,103,Low
1298,99,Medium
1299,37,Low
1300,68,High
1301,74,Low
1302,51,Medium
1303,57,Medium
1304,50,Low
1305,49,Low
1306,27,Medium
1307,42,Low
1308,41,Medium
1309,23,High
1310,38,Medium
1311,34,Medium
1312,32,Low
1313,25,Low
1314,22,Low
1315,20,Medium
1316,15,Low
1317,14,Low
1318,11,Low
