,Unnamed: 0,Unnamed: 0.1,Unnamed: 0.1.1,Unnamed: 0.13,Unnamed: 0.12,Unnamed: 0.11,Unnamed: 0.10,Unnamed: 0.9,Unnamed: 0.8,Unnamed: 0.7,Unnamed: 0.6,Unnamed: 0.5,Unnamed: 0.4,Unnamed: 0.3,Unnamed: 0.2,Unnamed: 0.1.1.1,Unnamed: 0.1.1.1.1,Unnamed: 0.1.1.1.1.1,Unnamed: 0.1.1.1.1.1.1,Unnamed: 0.1.1.1.1.1.1.1,Unnamed: 0.1.1.1.1.1.1.1.1,Unnamed: 0.1.1.1.1.1.1.1.1.1,Unnamed: 0.1.1.1.1.1.1.1.1.1.1,Unnamed: 0.1.1.1.1.1.1.1.1.1.1.1,Unnamed: 0.1.1.1.1.1.1.1.1.1.1.1.1,Unnamed: 0.1.1.1.1.1.1.1.1.1.1.1.1.1,Unnamed: 0.1.1.1.1.1.1.1.1.1.1.1.1.1.1,Unnamed: 0.1.1.1.1.1.1.1.1.1.1.1.1.1.1.1,Unnamed: 0.1.1.1.1.1.1.1.1.1.1.1.1.1.1.1.1,Unnamed: 0.1.1.1.1.1.1.1.1.1.1.1.1.1.1.1.1.1,date,Total_issue,closed_issue,ratio,scaled,Total_pull,changed_files,changed_files_scaled
0,0,0,0,0,0,0,0,0,0,0,0,0,0,0,0,0,0,0,0,0,0,0,0,0,0,0,0,0,0,0,2015-11-01,14,14,1.0,1.0,0.0,0.0,3.0
1,1,1,1,1,1,1,1,1,1,1,1,1,1,1,1,1,1,1,1,1,1,1,1,1,1,1,1,1,1,1,2015-12-01,10,10,1.0,1.0,0.0,0.0,3.0
2,2,2,2,2,2,2,2,2,2,2,2,2,2,2,2,2,2,2,2,2,2,2,2,2,2,2,2,2,2,2,2016-01-01,14,14,1.0,1.0,0.0,0.0,3.0
3,3,3,3,3,3,3,3,3,3,3,3,3,3,3,3,3,3,3,3,3,3,3,3,3,3,3,3,3,3,3,2016-02-01,18,18,1.0,1.0,3.0,47.0,4.331983805668016
4,4,4,4,4,4,4,4,4,4,4,4,4,4,4,4,4,4,4,4,4,4,4,4,4,4,4,4,4,4,4,2016-03-01,13,13,1.0,1.0,4.0,28.0,3.7935222672064777
5,5,5,5,5,5,5,5,5,5,5,5,5,5,5,5,5,5,5,5,5,5,5,5,5,5,5,5,5,5,5,2016-04-01,8,8,1.0,1.0,4.0,55.0,4.558704453441296
6,6,6,6,6,6,6,6,6,6,6,6,6,6,6,6,6,6,6,6,6,6,6,6,6,6,6,6,6,6,6,2016-05-01,10,10,1.0,1.0,5.0,67.0,4.898785425101215
7,7,7,7,7,7,7,7,7,7,7,7,7,7,7,7,7,7,7,7,7,7,7,7,7,7,7,7,7,7,7,2016-06-01,4,4,1.0,1.0,1.0,13.0,3.3684210526315788
8,8,8,8,8,8,8,8,8,8,8,8,8,8,8,8,8,8,8,8,8,8,8,8,8,8,8,8,8,8,8,2016-07-01,3,3,1.0,1.0,0.0,0.0,3.0
9,9,9,9,9,9,9,9,9,9,9,9,9,9,9,9,9,9,9,9,9,9,9,9,9,9,9,9,9,9,9,2016-08-01,2,2,1.0,1.0,0.0,0.0,3.0
10,10,10,10,10,10,10,10,10,10,10,10,10,10,10,10,10,10,10,10,10,10,10,10,10,10,10,10,10,10,10,2016-09-01,10,10,1.0,1.0,6.0,134.0,6.79757085020243
11,11,11,11,11,11,11,11,11,11,11,11,11,11,11,11,11,11,11,11,11,11,11,11,11,11,11,11,11,11,11,2016-10-01,12,12,1.0,1.0,2.0,17.0,3.4817813765182186
12,12,12,12,12,12,12,12,12,12,12,12,12,12,12,12,12,12,12,12,12,12,12,12,12,12,12,12,12,12,12,2016-11-01,7,7,1.0,1.0,6.0,247.0,10.0
13,13,13,13,13,13,13,13,13,13,13,13,13,13,13,13,13,13,13,13,13,13,13,13,13,13,13,13,13,13,13,2016-12-01,20,20,1.0,1.0,9.0,153.0,7.336032388663968
14,14,14,14,14,14,14,14,14,14,14,14,14,14,14,14,14,14,14,14,14,14,14,14,14,14,14,14,14,14,14,2017-01-01,20,19,0.95,0.9411764705882352,5.0,109.0,6.089068825910932
15,15,15,15,15,15,15,15,15,15,15,15,15,15,15,15,15,15,15,15,15,15,15,15,15,15,15,15,15,15,15,2017-02-01,22,21,0.9545454545454546,0.946524064171123,7.0,37.0,4.048582995951417
16,16,16,16,16,16,16,16,16,16,16,16,16,16,16,16,16,16,16,16,16,16,16,16,16,16,16,16,16,16,16,2017-03-01,32,31,0.96875,0.963235294117647,11.0,132.0,6.7408906882591095
17,17,17,17,17,17,17,17,17,17,17,17,17,17,17,17,17,17,17,17,17,17,17,17,17,17,17,17,17,17,17,2017-04-01,18,14,0.7777777777777778,0.738562091503268,4.0,48.0,4.3603238866396765
18,18,18,18,18,18,18,18,18,18,18,18,18,18,18,18,18,18,18,18,18,18,18,18,18,18,18,18,18,18,18,2017-05-01,13,13,1.0,1.0,3.0,9.0,3.2550607287449393
19,19,19,19,19,19,19,19,19,19,19,19,19,19,19,19,19,19,19,19,19,19,19,19,19,19,19,19,19,19,19,2017-06-01,32,27,0.84375,0.8161764705882353,4.0,21.0,3.5951417004048585
20,20,20,20,20,20,20,20,20,20,20,20,20,20,20,20,20,20,20,20,20,20,20,20,20,20,20,20,20,20,20,2017-07-01,35,28,0.8,0.7647058823529412,7.0,31.0,3.8785425101214575
21,21,21,21,21,21,21,21,21,21,21,21,21,21,21,21,21,21,21,21,21,21,21,21,21,21,21,21,21,21,21,2017-08-01,46,44,0.9565217391304348,0.948849104859335,16.0,95.0,5.6923076923076925
22,22,22,22,22,22,22,22,22,22,22,22,22,22,22,22,22,22,22,22,22,22,22,22,22,22,22,22,22,22,22,2017-09-01,19,17,0.8947368421052632,0.8761609907120742,10.0,38.0,4.076923076923077
23,23,23,23,23,23,23,23,23,23,23,23,23,23,23,23,23,23,23,23,23,23,23,23,23,23,23,23,23,23,23,2017-10-01,28,25,0.8928571428571429,0.8739495798319328,9.0,22.0,3.623481781376518
24,24,24,24,24,24,24,24,24,24,24,24,24,24,24,24,24,24,24,24,24,24,24,24,24,24,24,24,24,24,24,2017-11-01,14,13,0.9285714285714286,0.915966386554622,6.0,126.0,6.57085020242915
25,25,25,25,25,25,25,25,25,25,25,25,25,25,25,25,25,25,25,25,25,25,25,25,25,25,25,25,25,25,25,2017-12-01,20,16,0.8,0.7647058823529412,10.0,77.0,5.182186234817814
26,26,26,26,26,26,26,26,26,26,26,26,26,26,26,26,26,26,26,26,26,26,26,26,26,26,26,26,26,26,26,2018-01-01,29,27,0.9310344827586208,0.918864097363083,10.0,33.0,3.9352226720647776
27,27,27,27,27,27,27,27,27,27,27,27,27,27,27,27,27,27,27,27,27,27,27,27,27,27,27,27,27,27,27,2018-02-01,30,28,0.9333333333333332,0.9215686274509804,5.0,24.0,3.6801619433198383
28,28,28,28,28,28,28,28,28,28,28,28,28,28,28,28,28,28,28,28,28,28,28,28,28,28,28,28,28,28,28,2018-03-01,37,26,0.7027027027027027,0.6502384737678856,11.0,66.0,4.870445344129555
29,29,29,29,29,29,29,29,29,29,29,29,29,29,29,29,29,29,29,29,29,29,29,29,29,29,29,29,29,29,29,2018-04-01,26,25,0.9615384615384616,0.9547511312217194,3.0,17.0,3.4817813765182186
30,30,30,30,30,30,30,30,30,30,30,30,30,30,30,30,30,30,30,30,30,30,30,30,30,30,30,30,30,30,30,2018-05-01,24,19,0.7916666666666666,0.7549019607843137,6.0,75.0,5.125506072874494
31,31,31,31,31,31,31,31,31,31,31,31,31,31,31,31,31,31,31,31,31,31,31,31,31,31,31,31,31,31,31,2018-06-01,11,8,0.7272727272727273,0.679144385026738,3.0,18.0,3.5101214574898787
32,32,32,32,32,32,32,32,32,32,32,32,32,32,32,32,32,32,32,32,32,32,32,32,32,32,32,32,32,32,32,2018-07-01,15,12,0.8,0.7647058823529412,5.0,15.0,3.425101214574899
33,33,33,33,33,33,33,33,33,33,33,33,33,33,33,33,33,33,33,33,33,33,33,33,33,33,33,33,33,33,33,2018-08-01,35,24,0.6857142857142857,0.6302521008403361,6.0,13.0,3.3684210526315788
34,34,34,34,34,34,34,34,34,34,34,34,34,34,34,34,34,34,34,34,34,34,34,34,34,34,34,34,34,34,34,2018-09-01,13,8,0.6153846153846154,0.5475113122171946,5.0,11.0,3.311740890688259
35,35,35,35,35,35,35,35,35,35,35,35,35,35,35,35,35,35,35,35,35,35,35,35,35,35,35,35,35,35,35,2018-10-01,11,4,0.3636363636363636,0.2513368983957219,8.0,15.0,3.425101214574899
36,36,36,36,36,36,36,36,36,36,36,36,36,36,36,36,36,36,36,36,36,36,36,36,36,36,36,36,36,36,36,2018-11-01,4,1,0.25,0.1176470588235294,2.0,4.0,3.11336032388664
37,37,37,37,37,37,37,37,37,37,37,37,37,37,37,37,37,37,37,37,37,37,37,37,37,37,37,37,37,37,37,2018-12-01,11,9,0.8181818181818182,0.786096256684492,2.0,4.0,3.11336032388664
38,38,38,38,38,38,38,38,38,38,38,38,38,38,38,38,38,38,38,38,38,38,38,38,38,38,38,38,38,38,38,2019-01-01,11,6,0.5454545454545454,0.4652406417112299,7.0,14.0,3.396761133603239
39,39,39,39,39,39,39,39,39,39,39,39,39,39,39,39,39,39,39,39,39,39,39,39,39,39,39,39,39,39,39,2019-02-01,8,8,1.0,1.0,4.0,18.0,3.5101214574898787
40,40,40,40,40,40,40,40,40,40,40,40,40,40,40,40,40,40,40,40,40,40,40,40,40,40,40,40,40,40,40,2019-03-01,24,20,0.8333333333333334,0.803921568627451,0.0,0.0,3.0
41,41,41,41,41,41,41,41,41,41,41,41,41,41,41,41,41,41,41,41,41,41,41,41,41,41,41,41,41,41,41,2019-04-01,19,12,0.631578947368421,0.56656346749226,1.0,5.0,3.1417004048582995
42,42,42,42,42,42,42,42,42,42,42,42,42,42,42,42,42,42,42,42,42,42,42,42,42,42,42,42,42,42,42,2019-05-01,18,10,0.5555555555555556,0.4771241830065359,2.0,17.0,3.4817813765182186
43,43,43,43,43,43,43,43,43,43,43,43,43,43,43,43,43,43,43,43,43,43,43,43,43,43,43,43,43,43,43,2019-06-01,10,8,0.8,0.7647058823529412,0.0,0.0,3.0
44,44,44,44,44,44,44,44,44,44,44,44,44,44,44,44,44,44,44,44,44,44,44,44,44,44,44,44,44,44,44,2019-07-01,13,10,0.7692307692307693,0.7285067873303168,2.0,13.0,3.3684210526315788
45,45,45,45,45,45,45,45,45,45,45,45,45,45,45,45,45,45,45,45,45,45,45,45,45,45,45,45,45,45,45,2019-08-01,11,8,0.7272727272727273,0.679144385026738,3.0,10.0,3.283400809716599
46,46,46,46,46,46,46,46,46,46,46,46,46,46,46,46,46,46,46,46,46,46,46,46,46,46,46,46,46,46,46,2019-09-01,12,10,0.8333333333333334,0.803921568627451,1.0,22.0,3.623481781376518
47,47,47,47,47,47,47,47,47,47,47,47,47,47,47,47,47,47,47,47,47,47,47,47,47,47,47,47,47,47,47,2019-10-01,14,12,0.8571428571428571,0.8319327731092436,0.0,0.0,3.0
48,48,48,48,48,48,48,48,48,48,48,48,48,48,48,48,48,48,48,48,48,48,48,48,48,48,48,48,48,48,48,2019-11-01,12,8,0.6666666666666666,0.6078431372549019,0.0,0.0,3.0
49,49,49,49,49,49,49,49,49,49,49,49,49,49,49,49,49,49,49,49,49,49,49,49,49,49,49,49,49,49,49,2019-12-01,5,4,0.8,0.7647058823529412,1.0,2.0,3.0566801619433197
50,50,50,50,50,50,50,50,50,50,50,50,50,50,50,50,50,50,50,50,50,50,50,50,50,50,50,50,50,50,50,2020-01-01,8,7,0.875,0.8529411764705883,1.0,4.0,3.11336032388664
51,51,51,51,51,51,51,51,51,51,51,51,51,51,51,51,51,51,51,51,51,51,51,51,51,51,51,51,51,51,51,2020-02-01,11,10,0.9090909090909092,0.893048128342246,3.0,3.0,3.08502024291498
52,52,52,52,52,52,52,52,52,52,52,52,52,52,52,52,52,52,52,52,52,52,52,52,52,52,52,52,52,52,52,2020-03-01,11,4,0.3636363636363636,0.2513368983957219,6.0,100.0,5.834008097165992
53,53,53,53,53,53,53,53,53,53,53,53,53,53,53,53,53,53,53,53,53,53,53,53,53,53,53,53,53,53,53,2020-04-01,31,11,0.3548387096774194,0.2409867172675522,5.0,9.0,3.2550607287449393
54,54,54,54,54,54,54,54,54,54,54,54,54,54,54,54,54,54,54,54,54,54,54,54,54,54,54,54,54,54,54,2020-05-01,17,9,0.5294117647058824,0.4463667820069203,12.0,42.0,4.190283400809717
55,55,55,55,55,55,55,55,55,55,55,55,55,55,55,55,55,55,55,55,55,55,55,55,55,55,55,55,55,55,55,2020-06-01,37,19,0.5135135135135135,0.4276629570747217,10.0,96.0,5.720647773279352
56,56,56,56,56,56,56,56,56,56,56,56,56,56,56,56,56,56,56,56,56,56,56,56,56,56,56,56,56,56,56,2020-07-01,55,25,0.4545454545454545,0.3582887700534759,27.0,215.0,9.093117408906883
57,57,57,57,57,57,57,57,57,57,57,57,57,57,57,57,57,57,57,57,57,57,57,57,57,57,57,57,57,57,57,2020-08-01,27,10,0.3703703703703703,0.2592592592592592,4.0,86.0,5.437246963562753
58,58,58,58,58,58,58,58,58,58,58,58,58,58,58,58,58,58,58,58,58,58,58,58,58,58,58,58,58,58,58,2020-09-01,29,15,0.5172413793103449,0.4320486815415821,13.0,119.0,6.37246963562753
59,59,59,59,59,59,59,59,59,59,59,59,59,59,59,59,59,59,59,59,59,59,59,59,59,59,59,59,59,59,59,2020-10-01,24,16,0.6666666666666666,0.6078431372549019,17.0,86.0,5.437246963562753
60,60,60,60,60,60,60,60,60,60,60,60,60,60,60,60,60,60,60,60,60,60,60,60,60,60,60,60,60,60,60,2020-11-01,20,11,0.55,0.4705882352941176,7.0,100.0,5.834008097165992
61,61,61,61,61,61,61,61,61,61,61,61,61,61,61,61,61,61,61,61,61,61,61,61,61,61,61,61,61,61,61,2020-12-01,17,8,0.4705882352941176,0.3771626297577855,4.0,59.0,4.672064777327935
62,62,62,62,62,62,62,62,62,62,62,62,62,62,62,62,62,62,62,62,62,62,62,62,62,62,62,62,62,62,62,2021-01-01,21,12,0.5714285714285714,0.495798319327731,8.0,26.0,3.736842105263158
63,63,63,63,63,63,63,63,63,63,63,63,63,63,63,63,63,63,63,63,63,63,63,63,63,63,63,63,63,63,63,2021-02-01,19,13,0.6842105263157895,0.628482972136223,9.0,33.0,3.9352226720647776
64,64,64,64,64,64,64,64,64,64,64,64,64,64,64,64,64,64,64,64,64,64,64,64,64,64,64,64,64,64,64,2021-03-01,25,16,0.64,0.5764705882352941,5.0,17.0,3.4817813765182186
65,65,65,65,65,65,65,65,65,65,65,65,65,65,65,65,65,65,65,65,65,65,65,65,65,65,65,65,65,65,65,2021-04-01,20,14,0.7,0.6470588235294117,8.0,18.0,3.5101214574898787
66,66,66,66,66,66,66,66,66,66,66,66,66,66,66,66,66,66,66,66,66,66,66,66,66,66,66,66,66,66,66,2021-05-01,9,5,0.5555555555555556,0.4771241830065359,8.0,41.0,4.161943319838056
67,67,67,67,67,67,67,67,67,67,67,67,67,67,67,67,67,67,67,67,67,67,67,67,67,67,67,67,67,67,67,2021-06-01,19,6,0.3157894736842105,0.1950464396284829,9.0,92.0,5.607287449392713
68,68,68,68,68,68,68,68,68,68,68,68,68,68,68,68,68,68,68,68,68,68,68,68,68,68,68,68,68,68,68,2021-07-01,18,11,0.6111111111111112,0.542483660130719,7.0,14.0,3.396761133603239
69,69,69,69,69,69,69,69,69,69,69,69,69,69,69,69,69,69,69,69,69,69,69,69,69,69,69,69,69,69,69,2021-08-01,29,20,0.6896551724137931,0.6348884381338743,3.0,14.0,3.396761133603239
70,70,70,70,70,70,70,70,70,70,70,70,70,70,70,70,70,70,70,70,70,70,70,70,70,70,70,70,70,70,70,2021-09-01,16,9,0.5625,0.4852941176470587,2.0,9.0,3.2550607287449393
71,71,71,71,71,71,71,71,71,71,71,71,71,71,71,71,71,71,71,71,71,71,71,71,71,71,71,71,71,71,71,2021-10-01,16,9,0.5625,0.4852941176470587,5.0,16.0,3.4534412955465585
72,72,72,72,72,72,72,72,72,72,72,72,72,72,72,72,72,72,72,72,72,72,72,72,72,72,72,72,72,72,72,2021-11-01,20,7,0.35,0.2352941176470588,16.0,128.0,6.62753036437247
73,73,73,73,73,73,73,73,73,73,73,73,73,73,73,73,73,73,73,73,73,73,73,73,73,73,73,73,73,73,73,2021-12-01,11,3,0.2727272727272727,0.1443850267379679,7.0,23.0,3.651821862348178
74,74,74,74,74,74,74,74,74,74,74,74,74,74,74,74,74,74,74,74,74,74,74,74,74,74,74,74,74,74,74,2022-01-01,20,6,0.3,0.1764705882352941,9.0,36.0,4.020242914979757
75,75,75,75,75,75,75,75,75,75,75,75,75,75,75,75,75,75,75,75,75,75,75,75,75,75,75,75,75,75,75,2022-02-01,16,6,0.375,0.2647058823529411,1.0,1.0,3.02834008097166
76,76,76,76,76,76,76,76,76,76,76,76,76,76,76,76,76,76,76,76,76,76,76,76,76,76,76,76,76,76,76,2022-03-01,5,3,0.6,0.5294117647058824,4.0,11.0,3.311740890688259
77,77,77,77,77,77,77,77,77,77,77,77,77,77,77,77,77,77,77,77,77,77,77,77,77,77,77,77,77,77,77,2022-04-01,4,1,0.25,0.1176470588235294,2.0,3.0,3.08502024291498
78,78,78,78,78,78,78,78,78,78,78,78,78,78,78,78,78,78,78,78,78,78,78,78,78,78,78,78,78,78,78,2022-05-01,6,3,0.5,0.4117647058823529,1.0,3.0,3.08502024291498
79,79,79,79,79,79,79,79,79,79,79,79,79,79,79,79,79,79,79,79,79,79,79,79,79,79,79,79,79,79,79,2022-06-01,9,2,0.2222222222222222,0.0849673202614379,5.0,13.0,3.3684210526315788
80,80,80,80,80,80,80,80,80,80,80,80,80,80,80,80,80,80,80,80,80,80,80,80,80,80,80,80,80,80,80,2022-07-01,15,8,0.5333333333333333,0.4509803921568627,6.0,14.0,3.396761133603239
81,81,81,81,81,81,81,81,81,81,81,81,81,81,81,81,81,81,81,81,81,81,81,81,81,81,81,81,81,81,81,2022-08-01,6,3,0.5,0.4117647058823529,5.0,15.0,3.425101214574899
82,82,82,82,82,82,82,82,82,82,82,82,82,82,82,82,82,82,82,82,82,82,82,82,82,82,82,82,82,82,82,2022-09-01,15,8,0.5333333333333333,0.4509803921568627,6.0,15.0,3.425101214574899
83,83,83,83,83,83,83,83,83,83,83,83,83,83,83,83,83,83,83,83,83,83,83,83,83,83,83,83,83,83,83,2022-10-01,14,5,0.3571428571428571,0.2436974789915966,5.0,13.0,3.3684210526315788
84,84,84,84,84,84,84,84,84,84,84,84,84,84,84,84,84,84,84,84,84,84,84,84,84,84,84,84,84,84,84,2022-11-01,19,8,0.4210526315789473,0.3188854489164087,3.0,18.0,3.5101214574898787
85,85,85,85,85,85,85,85,85,85,85,85,85,85,85,85,85,85,85,85,85,85,85,85,85,85,85,85,85,85,85,2022-12-01,20,3,0.15,0.0,3.0,4.0,3.11336032388664
86,86,86,86,86,86,86,86,86,86,86,86,86,86,86,86,86,86,86,86,86,86,86,86,86,86,86,86,86,86,86,2023-01-01,12,2,0.1666666666666666,0.0196078431372548,12.0,58.0,4.6437246963562755
