,just_month,Others,Contribution Welcome,Good First Contribution,bug,help wanted,Good Intermediate Contribution,discussion,Deep Learning Project,enhancement,docs
0,2015-11-01,14,0.0,0.0,0.0,0.0,0.0,0.0,0.0,0.0,0.0
1,2015-12-01,10,0.0,0.0,0.0,0.0,0.0,0.0,0.0,0.0,0.0
2,2016-01-01,14,0.0,0.0,0.0,0.0,0.0,0.0,0.0,0.0,0.0
3,2016-02-01,18,0.0,0.0,0.0,0.0,0.0,0.0,0.0,0.0,0.0
4,2016-03-01,13,0.0,0.0,0.0,0.0,0.0,0.0,0.0,0.0,0.0
5,2016-04-01,8,0.0,0.0,0.0,0.0,0.0,0.0,0.0,0.0,0.0
6,2016-05-01,10,0.0,0.0,0.0,0.0,0.0,0.0,0.0,0.0,0.0
7,2016-06-01,4,0.0,0.0,0.0,0.0,0.0,0.0,0.0,0.0,0.0
8,2016-07-01,3,0.0,0.0,0.0,0.0,0.0,0.0,0.0,0.0,0.0
9,2016-08-01,2,0.0,0.0,0.0,0.0,0.0,0.0,0.0,0.0,0.0
10,2016-09-01,10,0.0,0.0,0.0,0.0,0.0,0.0,0.0,0.0,0.0
11,2016-10-01,12,0.0,0.0,0.0,0.0,0.0,0.0,0.0,0.0,0.0
12,2016-11-01,7,0.0,0.0,0.0,0.0,0.0,0.0,0.0,0.0,0.0
13,2016-12-01,20,0.0,0.0,0.0,0.0,0.0,0.0,0.0,0.0,0.0
14,2017-01-01,18,2.0,0.0,0.0,0.0,2.0,0.0,0.0,0.0,0.0
15,2017-02-01,18,4.0,3.0,0.0,0.0,0.0,0.0,0.0,0.0,0.0
16,2017-03-01,31,1.0,1.0,0.0,0.0,0.0,0.0,0.0,0.0,0.0
17,2017-04-01,14,4.0,1.0,0.0,0.0,1.0,0.0,0.0,0.0,0.0
18,2017-05-01,12,1.0,0.0,0.0,0.0,0.0,0.0,0.0,0.0,0.0
19,2017-06-01,24,8.0,4.0,0.0,0.0,3.0,0.0,2.0,0.0,0.0
20,2017-07-01,27,8.0,2.0,0.0,0.0,4.0,0.0,3.0,0.0,0.0
21,2017-08-01,39,7.0,5.0,0.0,0.0,2.0,0.0,2.0,0.0,0.0
22,2017-09-01,17,2.0,1.0,0.0,0.0,1.0,0.0,1.0,0.0,0.0
23,2017-10-01,22,6.0,3.0,0.0,0.0,2.0,0.0,2.0,0.0,0.0
24,2017-11-01,13,1.0,0.0,0.0,0.0,1.0,0.0,1.0,0.0,0.0
25,2017-12-01,14,5.0,3.0,0.0,0.0,3.0,0.0,2.0,0.0,0.0
26,2018-01-01,21,7.0,4.0,1.0,0.0,0.0,0.0,0.0,0.0,0.0
27,2018-02-01,20,10.0,7.0,0.0,0.0,1.0,0.0,1.0,0.0,0.0
28,2018-03-01,21,15.0,12.0,2.0,0.0,3.0,0.0,0.0,0.0,0.0
29,2018-04-01,21,4.0,2.0,2.0,0.0,1.0,0.0,0.0,0.0,0.0
30,2018-05-01,21,3.0,2.0,1.0,0.0,0.0,0.0,0.0,0.0,0.0
31,2018-06-01,9,1.0,0.0,0.0,0.0,0.0,0.0,1.0,0.0,1.0
32,2018-07-01,11,3.0,2.0,0.0,0.0,0.0,0.0,1.0,1.0,0.0
33,2018-08-01,25,7.0,0.0,2.0,1.0,3.0,0.0,0.0,1.0,0.0
34,2018-09-01,10,3.0,1.0,0.0,1.0,0.0,0.0,0.0,0.0,0.0
35,2018-10-01,6,4.0,3.0,0.0,0.0,0.0,1.0,0.0,0.0,0.0
36,2018-11-01,3,0.0,0.0,1.0,0.0,0.0,0.0,0.0,0.0,0.0
37,2018-12-01,9,0.0,0.0,2.0,2.0,0.0,0.0,0.0,0.0,0.0
38,2019-01-01,7,3.0,2.0,2.0,4.0,0.0,0.0,0.0,1.0,0.0
39,2019-02-01,7,0.0,0.0,1.0,0.0,0.0,0.0,0.0,0.0,0.0
40,2019-03-01,24,0.0,0.0,0.0,0.0,0.0,0.0,0.0,0.0,0.0
41,2019-04-01,18,0.0,0.0,1.0,0.0,0.0,0.0,0.0,0.0,0.0
42,2019-05-01,16,2.0,0.0,0.0,1.0,0.0,0.0,0.0,0.0,0.0
43,2019-06-01,10,0.0,0.0,0.0,0.0,0.0,0.0,0.0,0.0,0.0
44,2019-07-01,12,1.0,1.0,1.0,0.0,0.0,0.0,0.0,0.0,0.0
45,2019-08-01,11,0.0,0.0,0.0,0.0,0.0,0.0,0.0,0.0,0.0
46,2019-09-01,10,1.0,1.0,0.0,1.0,1.0,0.0,1.0,0.0,0.0
47,2019-10-01,13,1.0,1.0,1.0,0.0,0.0,0.0,0.0,0.0,0.0
48,2019-11-01,11,1.0,0.0,1.0,0.0,0.0,0.0,0.0,0.0,0.0
49,2019-12-01,5,0.0,0.0,0.0,0.0,0.0,0.0,0.0,0.0,0.0
50,2020-01-01,6,2.0,0.0,2.0,0.0,0.0,0.0,0.0,0.0,0.0
51,2020-02-01,11,0.0,0.0,0.0,0.0,0.0,0.0,0.0,0.0,0.0
52,2020-03-01,11,0.0,0.0,0.0,0.0,0.0,0.0,0.0,0.0,0.0
53,2020-04-01,31,0.0,0.0,0.0,0.0,0.0,0.0,0.0,0.0,0.0
54,2020-05-01,17,0.0,0.0,0.0,0.0,0.0,0.0,0.0,0.0,0.0
55,2020-06-01,20,8.0,7.0,4.0,3.0,0.0,8.0,0.0,3.0,0.0
56,2020-07-01,19,16.0,12.0,9.0,20.0,3.0,12.0,0.0,5.0,0.0
57,2020-08-01,23,2.0,1.0,3.0,1.0,1.0,0.0,0.0,0.0,0.0
58,2020-09-01,27,1.0,0.0,1.0,1.0,0.0,0.0,0.0,0.0,0.0
59,2020-10-01,24,0.0,0.0,0.0,0.0,0.0,0.0,0.0,0.0,0.0
60,2020-11-01,19,1.0,1.0,0.0,0.0,0.0,0.0,0.0,0.0,0.0
61,2020-12-01,14,1.0,0.0,3.0,2.0,0.0,0.0,0.0,0.0,0.0
62,2021-01-01,13,3.0,1.0,6.0,0.0,0.0,0.0,0.0,1.0,0.0
63,2021-02-01,18,0.0,0.0,1.0,0.0,0.0,0.0,0.0,0.0,0.0
64,2021-03-01,20,0.0,0.0,4.0,2.0,0.0,0.0,0.0,0.0,0.0
65,2021-04-01,13,1.0,1.0,5.0,2.0,0.0,1.0,0.0,0.0,0.0
66,2021-05-01,6,3.0,3.0,1.0,1.0,0.0,0.0,0.0,0.0,0.0
67,2021-06-01,17,2.0,0.0,2.0,1.0,0.0,0.0,0.0,0.0,0.0
68,2021-07-01,11,7.0,6.0,3.0,2.0,0.0,0.0,0.0,0.0,0.0
69,2021-08-01,21,7.0,6.0,3.0,1.0,0.0,0.0,0.0,0.0,0.0
70,2021-09-01,13,3.0,2.0,0.0,2.0,0.0,0.0,0.0,0.0,0.0
71,2021-10-01,16,0.0,0.0,0.0,0.0,0.0,0.0,0.0,0.0,0.0
72,2021-11-01,17,2.0,1.0,0.0,0.0,1.0,0.0,0.0,0.0,0.0
73,2021-12-01,8,0.0,0.0,0.0,0.0,1.0,0.0,0.0,0.0,0.0
74,2022-01-01,12,3.0,4.0,0.0,0.0,1.0,2.0,0.0,0.0,1.0
75,2022-02-01,11,4.0,4.0,0.0,1.0,0.0,1.0,0.0,0.0,0.0
76,2022-03-01,5,0.0,0.0,0.0,0.0,0.0,0.0,0.0,0.0,0.0
77,2022-04-01,2,1.0,2.0,0.0,0.0,0.0,0.0,0.0,0.0,0.0
78,2022-05-01,5,1.0,1.0,0.0,0.0,0.0,0.0,0.0,0.0,0.0
79,2022-06-01,6,2.0,1.0,2.0,1.0,0.0,0.0,0.0,0.0,0.0
80,2022-07-01,14,0.0,1.0,0.0,1.0,0.0,0.0,0.0,0.0,0.0
81,2022-08-01,4,1.0,2.0,0.0,0.0,0.0,0.0,0.0,0.0,0.0
82,2022-09-01,14,1.0,0.0,1.0,0.0,0.0,0.0,0.0,0.0,0.0
83,2022-10-01,12,1.0,0.0,1.0,1.0,1.0,0.0,0.0,0.0,0.0
84,2022-11-01,17,1.0,1.0,0.0,0.0,0.0,0.0,0.0,0.0,1.0
85,2022-12-01,6,0.0,2.0,2.0,2.0,0.0,1.0,0.0,2.0,2.0
86,2023-01-01,3,1.0,3.0,0.0,0.0,0.0,0.0,0.0,1.0,5.0
