,Unnamed: 0,just_month,Pull ID,Code Changes
276,315,2021-09-01,1422,42
432,489,2021-09-01,1492,36
434,492,2021-09-01,1484,8
435,493,2021-09-01,1492,36
437,495,2021-09-01,1526,1
438,498,2021-09-01,1493,3
440,501,2021-09-01,1498,2
441,502,2021-09-01,1352,2
442,503,2021-09-01,1459,2
443,504,2021-09-01,162,1
444,505,2021-09-01,1486,28
445,506,2021-09-01,1422,42
446,507,2021-09-01,1422,42
447,508,2021-09-01,1422,42
448,509,2021-09-01,1422,42
449,510,2021-09-01,1422,42
451,512,2021-09-01,157,28
453,514,2021-09-01,1470,1
454,515,2021-09-01,1450,2
455,516,2021-09-01,1414,3
456,517,2021-09-01,1486,28
457,519,2021-09-01,1402,1
458,520,2021-09-01,1387,2
459,521,2021-09-01,1349,10
466,528,2021-09-01,1486,28
511,577,2021-09-01,1486,28
