username,category
cortinico,high
kelset,high
rickhanlonii,high
marcshilling,high
fabriziobertoglio1987,high
github-actions[bot],high
evelant,low
troZee,low
scarlac,low
dmytrorykun,low
lunaleaps,low
SectionTN,low
leotm,low
douglasjunior,low
oleksandr-dziuban,low
cipolleschi,low
Kudo,low
gabrieldonadel,low
billnbell,low
PritishSawant,low
ecreeth,low
a-eid,low
necolas,low
iegik,mid
blavalla,mid
mikehardy,mid
BritCoder96,not available
Aleksandern,not available
runtothedoor,not available
Jokerwolf,not available
liquidvisual,not available
DoctorJohn,not available
robertherber,not available
shkumbinhasani,not available
pushpender-singh-ap,not available
roryabraham,not available
kito-arch,not available
s5unanow,not available
HrithikMittal,not available
TadewosBell,not available
AbhiSharma722,not available
desunbera,not available
tufik2,not available
cmdparkour,not available
mrbrentkelly,not available
benkissi,not available
betoharres,not available
gentlemanJie,not available
Shmublon,not available
vladimirevstratov,not available
t-leclercq,not available
DavidFaermanPendo,not available
Brumor,not available
danielmark0116,not available
Bob-JZhao,not available
kris1803,not available
Lanceh,not available
frankcalise,not available
nschild,not available
TamNhiDuong,not available
Cgabriel12,not available
ShivamJoker,not available
wilsolutions,not available
SohelIslamImran,not available
kuriel-trivu,not available
Limoer96,not available
abheesree,not available
azizmobarak,not available
vuongtuananh,not available
riledv,not available
GameraCC,not available
spylefkaditis,not available
pedpess,not available
uloco,not available
suyashvash,not available
JedShiMing,not available
ghiculescualexandru,not available
lay-mand,not available
mmmoussa,not available
foxbit19,not available
lekeCoder,not available
iscontre,not available
AlanSl,not available
ahmadmssm,not available
DeniferSantiago,not available
ArsFy,not available
cyim02,not available
WillyChristian,not available
th3f0r3ign3r,not available
Biensothearith,not available
SaadBinWaheed-empglabs,not available
pankti-0627,not available
Kazion500,not available
mrjlm70,not available
fukemy,not available
rvenky125,not available
yalamandarao,not available
fernandosev,not available
raajnadar,not available
Aiosa,not available
hau1412,not available
muhamedoufi,not available
rockey2020,not available
rishabh876,not available
reynerdev,not available
whaijungit,not available
SeongwoonHong,not available
wanted-o,not available
milobo,not available
Sunbreak,not available
SparshaSaha,not available
LouisLeung,not available
matt-dalton,not available
josefnorlin,not available
akjesto,not available
mikemangas,not available
saurabhbh21,not available
shan-githu,not available
athakur3,not available
Epicato,not available
louismullie,not available
adgao,not available
kelokchan,not available
curtisy1,not available
Desintegrator,not available
bfricka,not available
TatianaMatumoto,not available
shanghongshen001,not available
JLucasCAmorim,not available
sridhard,not available
myleshk,not available
SurendraVSS,not available
ahmadzraiq,not available
SerhiyZheliznjak,not available
usamaSaddiq,not available
ZhigamovskyN,not available
Ahmetaksungur,not available
nathanwkwong,not available
krmao,not available
chirup,not available
jg210,not available
AXiLiYa,not available
przemyslav,not available
Willham12,not available
scott8013,not available
shannon-voda,not available
TheAlmightyBo,not available
s-mirsky,not available
lfrallon,not available
egealpay,not available
lrob7325,not available
lionet1224,not available
psaikali,not available
damian165-cpu,not available
lordkyle0,not available
mj11rock,not available
Maxth,not available
raphahardt,not available
nicolasdevienne,not available
KumoCloud0-0,not available
mcalvinobrandcoders,not available
faizkhan7896,not available
ahmetboz,not available
crstnmac,not available
Jablek98,not available
ankit-tailor,not available
dannyverdel,not available
matpaul,not available
cristiano-futturis,not available
elowareAdm,not available
JosuGZ,not available
talhauzair-28,not available
tedcu,not available
mzyisbest,not available
alexfov,not available
adp-nume,not available
hiephuynhFDS,not available
BrunoFDeveloper,not available
MrSerWin,not available
ConnorMarble,not available
ntcong91,not available
zhigang1992,not available
ugurdalkiran,not available
PhillipFraThailand,not available
sweatherall,not available
Estroo1,not available
anuragkumarjsk,not available
WNemencha,not available
KarthiArcus,not available
Kaung-Htet-Hein,not available
rdtf1230,not available
guptaprnv,not available
Developeranees,not available
ayman-kouzayha,not available
jordanarldt,not available
freebou,not available
rjatin007,not available
michaelessiet,not available
ZRunner,not available
anassbenayed,not available
sammy-SC,not available
M1ck0,not available
garkuwa,not available
riorafe,not available
sleaper,not available
EJ132,not available
mary-ng5519,not available
alickcai,not available
kylerjensen,not available
anckaertv,not available
bodrius,not available
AlirezaHadjar,not available
jjrise,not available
hpardess,not available
michaelmika,not available
jfaq89,not available
mickeylam,not available
volodya-leskiv,not available
Stevemoretz,not available
shwanton,not available
KrisLau,not available
markkdamm,not available
MayuriPapat,not available
escaton,not available
burakgormek,not available
meftunca,not available
nandorojo,not available
toby-lei,not available
Manish2612,not available
tomekzaw,not available
skantus,not available
AlexanderEggers,not available
baveku,not available
agrittiwari,not available
Manil-SoftNEP,not available
jrhager84,not available
AuroPick,not available
githublalit,not available
lucienbl,not available
sarathd,not available
AntoineDoubovetzky,not available
mcanikhilprajapati,not available
luizuk,not available
toofast1,not available
soundaryamecse,not available
sundarsharma2018,not available
nmanvitha,not available
camboYY,not available
iway1,not available
DigitalZebra,not available
partiellkorrekt,not available
Bibazavr,not available
GuoguoDad,not available
santitopo,not available
Gautham495,not available
biallo,not available
qasimgit,not available
BlackSwan2019,not available
purplnay,not available
Kstar0722,not available
ManeeshAkurathi,not available
kopax-polyconseil,not available
AlbertVilaCalvo,not available
Chill-Studio,not available
mustafakameldev,not available
zabojad,not available
psionic12,not available
AmorimRo,not available
yczeng,not available
jjenzz,not available
jgo80,not available
yairopro,not available
Quintis1212,not available
Rodrigo816,not available
nextriot,not available
jgx-jay,not available
code76k,not available
sheikx1221,not available
talaikis,not available
tibbe,not available
kabus202,not available
Arkkeeper,not available
atlantismgmt,not available
ivangonzalezg,not available
Valar103769,not available
revitteth,not available
peteritvina,not available
cybexai,not available
amanthegreatone,not available
aikewoody,not available
EvilGeniusTechnologies,not available
Milker90,not available
wwdrew,not available
sandeeprajbhar1985,not available
sudharsanvishnu,not available
alexco2,not available
MarkusPettersson98,not available
felix-lambert,not available
andrecrim,not available
samuelhulla,not available
dwxw,not available
Orange9000,not available
Zmwang622,not available
dakshbhardwaj,not available
dmahajan980,not available
hokimtam,not available
kyle-ssg,not available
JB-CHAUVIN,not available
RuthlessPotato,not available
Pureshores,not available
13thdeus,not available
emcla,not available
BadhanGanesh-HappyFox,not available
Shad02w,not available
markholland,not available
brianlenz,not available
waheed471,not available
chrisjoohn,not available
AamirHafiez,not available
lvlrSajjad,not available
jpudysz,not available
sailinz,not available
glesperance,not available
talon-himself,not available
karatekid430,not available
ali-soltanii,not available
Gajendra-Gupta,not available
tuliosciotta,not available
MMasterson,not available
govarthananve,not available
pablolucas890,not available
pnthach95,not available
hakonk,not available
