time,high,mid,low
01/01/2015,45,5,9
02/01/2015,171,10,35
03/01/2015,501,27,14
04/01/2015,791,67,10
05/01/2015,873,146,54
06/01/2015,674,145,93
07/01/2015,689,129,88
08/01/2015,530,62,67
09/01/2015,1227,144,100
10/01/2015,1023,200,47
11/01/2015,987,101,84
12/01/2015,1156,150,45
01/01/2016,1197,170,58
02/01/2016,644,92,69
03/01/2016,1479,91,77
04/01/2016,873,87,39
05/01/2016,592,70,76
06/01/2016,616,82,29
07/01/2016,695,158,68
08/01/2016,378,181,58
09/01/2016,366,120,63
10/01/2016,933,71,87
11/01/2016,1262,89,51
12/01/2016,377,74,52
01/01/2017,191,68,88
02/01/2017,389,29,87
03/01/2017,475,105,61
04/01/2017,233,72,62
05/01/2017,668,114,110
06/01/2017,334,74,77
07/01/2017,959,54,114
08/01/2017,496,64,60
09/01/2017,485,89,61
10/01/2017,833,62,98
11/01/2017,445,64,81
12/01/2017,501,36,85
01/01/2018,460,42,85
02/01/2018,620,72,124
03/01/2018,683,62,90
04/01/2018,514,23,63
05/01/2018,748,21,71
06/01/2018,577,73,54
07/01/2018,648,37,72
08/01/2018,617,16,56
09/01/2018,626,47,60
10/01/2018,577,38,84
11/01/2018,428,80,44
12/01/2018,521,53,29
01/01/2019,478,20,48
02/01/2019,431,65,79
03/01/2019,689,146,164
04/01/2019,415,81,63
05/01/2019,287,67,81
06/01/2019,194,35,51
07/01/2019,323,32,90
08/01/2019,647,25,62
09/01/2019,376,47,47
10/01/2019,433,29,87
11/01/2019,419,8,53
12/01/2019,416,12,17
01/01/2020,494,16,34
02/01/2020,388,4,27
03/01/2020,344,65,42
04/01/2020,553,12,69
05/01/2020,305,9,42
06/01/2020,303,6,37
07/01/2020,451,3,76
08/01/2020,672,2,78
09/01/2020,418,10,76
10/01/2020,284,17,49
11/01/2020,89,9,22
12/01/2020,321,7,33
01/01/2021,162,5,25
02/01/2021,105,30,48
03/01/2021,91,26,94
04/01/2021,29,15,49
05/01/2021,43,10,34
06/01/2021,31,4,35
07/01/2021,31,3,24
08/01/2021,107,24,37
09/01/2021,11,10,42
10/01/2021,122,10,39
11/01/2021,90,8,5
12/01/2021,83,2,7
01/01/2022,417,2,61
02/01/2022,141,4,22
03/01/2022,122,4,36
04/01/2022,101,7,24
05/01/2022,190,14,88
06/01/2022,257,10,51
07/01/2022,226,6,54
08/01/2022,195,14,54
09/01/2022,193,8,75
10/01/2022,246,7,61
11/01/2022,228,19,55
12/01/2022,185,2,32
01/01/2023,308,3,63
