,just_month,Resolution: Locked,Ran Commands,Stale,Bug,Needs: Triage :mag:,Platform: Android,Platform: iOS,Type: Question,Needs: Author Feedback,Component: TextInput
0,2015-01-01,13.0,0.0,0.0,0.0,0.0,0.0,0.0,0.0,0.0,0.0
1,2015-02-01,65.0,0.0,0.0,0.0,0.0,0.0,0.0,0.0,0.0,0.0
2,2015-03-01,248.0,2.0,0.0,0.0,0.0,0.0,1.0,0.0,0.0,0.0
3,2015-04-01,321.0,1.0,0.0,0.0,0.0,0.0,0.0,0.0,0.0,0.0
4,2015-05-01,252.0,2.0,0.0,0.0,0.0,0.0,2.0,0.0,0.0,0.0
5,2015-06-01,228.0,3.0,0.0,1.0,0.0,0.0,3.0,0.0,0.0,0.0
6,2015-07-01,238.0,4.0,0.0,0.0,0.0,0.0,3.0,0.0,0.0,0.0
7,2015-08-01,209.0,2.0,1.0,0.0,0.0,0.0,1.0,0.0,0.0,0.0
8,2015-09-01,428.0,16.0,0.0,1.0,0.0,1.0,51.0,0.0,0.0,0.0
9,2015-10-01,449.0,42.0,1.0,0.0,0.0,0.0,18.0,0.0,0.0,0.0
10,2015-11-01,451.0,51.0,0.0,0.0,0.0,0.0,19.0,0.0,0.0,0.0
11,2015-12-01,382.0,22.0,2.0,1.0,0.0,0.0,29.0,0.0,0.0,0.0
12,2016-01-01,353.0,42.0,1.0,1.0,0.0,0.0,10.0,0.0,0.0,0.0
13,2016-02-01,287.0,22.0,0.0,1.0,0.0,1.0,4.0,0.0,0.0,1.0
14,2016-03-01,281.0,95.0,1.0,1.0,0.0,2.0,8.0,0.0,0.0,0.0
15,2016-04-01,275.0,66.0,1.0,1.0,0.0,2.0,22.0,0.0,0.0,0.0
16,2016-05-01,311.0,94.0,0.0,1.0,0.0,1.0,7.0,0.0,0.0,0.0
17,2016-06-01,341.0,71.0,2.0,2.0,0.0,2.0,19.0,0.0,0.0,0.0
18,2016-07-01,350.0,67.0,3.0,1.0,0.0,3.0,11.0,0.0,0.0,0.0
19,2016-08-01,340.0,153.0,1.0,3.0,0.0,2.0,9.0,0.0,0.0,0.0
20,2016-09-01,293.0,69.0,5.0,2.0,0.0,2.0,10.0,0.0,0.0,0.0
21,2016-10-01,281.0,4.0,4.0,1.0,0.0,1.0,15.0,0.0,0.0,1.0
22,2016-11-01,343.0,28.0,4.0,5.0,0.0,3.0,19.0,0.0,0.0,2.0
23,2016-12-01,273.0,15.0,3.0,0.0,0.0,0.0,15.0,0.0,0.0,0.0
24,2017-01-01,267.0,14.0,7.0,0.0,0.0,3.0,16.0,0.0,0.0,0.0
25,2017-02-01,289.0,10.0,4.0,8.0,0.0,4.0,20.0,0.0,0.0,3.0
26,2017-03-01,386.0,6.0,10.0,6.0,0.0,3.0,28.0,0.0,0.0,0.0
27,2017-04-01,291.0,11.0,12.0,3.0,0.0,1.0,11.0,0.0,0.0,0.0
28,2017-05-01,358.0,13.0,18.0,3.0,0.0,5.0,10.0,0.0,0.0,0.0
29,2017-06-01,363.0,13.0,17.0,3.0,0.0,1.0,6.0,0.0,0.0,1.0
30,2017-07-01,281.0,22.0,30.0,8.0,0.0,7.0,6.0,0.0,0.0,3.0
31,2017-08-01,217.0,49.0,60.0,3.0,0.0,1.0,1.0,0.0,0.0,0.0
32,2017-09-01,216.0,89.0,82.0,11.0,0.0,4.0,12.0,0.0,0.0,0.0
33,2017-10-01,201.0,125.0,86.0,5.0,0.0,6.0,7.0,0.0,1.0,2.0
34,2017-11-01,206.0,166.0,112.0,5.0,0.0,9.0,7.0,0.0,0.0,3.0
35,2017-12-01,219.0,201.0,70.0,2.0,0.0,8.0,1.0,0.0,0.0,1.0
36,2018-01-01,253.0,242.0,47.0,5.0,0.0,4.0,5.0,0.0,0.0,0.0
37,2018-02-01,200.0,127.0,40.0,14.0,0.0,18.0,13.0,0.0,0.0,2.0
38,2018-03-01,320.0,221.0,55.0,33.0,0.0,76.0,53.0,0.0,0.0,28.0
39,2018-04-01,303.0,143.0,54.0,25.0,0.0,76.0,51.0,0.0,0.0,25.0
40,2018-05-01,281.0,144.0,72.0,23.0,0.0,93.0,46.0,0.0,0.0,32.0
41,2018-06-01,272.0,134.0,55.0,21.0,0.0,59.0,32.0,0.0,0.0,14.0
42,2018-07-01,370.0,242.0,38.0,18.0,0.0,64.0,32.0,0.0,0.0,16.0
43,2018-08-01,311.0,188.0,43.0,32.0,0.0,65.0,56.0,0.0,0.0,20.0
44,2018-09-01,315.0,180.0,37.0,42.0,0.0,69.0,53.0,9.0,0.0,10.0
45,2018-10-01,357.0,190.0,38.0,91.0,0.0,81.0,57.0,1.0,0.0,6.0
46,2018-11-01,258.0,124.0,19.0,71.0,0.0,60.0,36.0,1.0,0.0,11.0
47,2018-12-01,261.0,126.0,15.0,69.0,0.0,52.0,37.0,59.0,0.0,16.0
48,2019-01-01,258.0,128.0,21.0,131.0,0.0,62.0,33.0,63.0,0.0,14.0
49,2019-02-01,233.0,128.0,16.0,157.0,1.0,72.0,37.0,51.0,1.0,9.0
50,2019-03-01,311.0,144.0,25.0,228.0,0.0,74.0,57.0,75.0,1.0,9.0
51,2019-04-01,251.0,153.0,48.0,197.0,0.0,70.0,40.0,84.0,1.0,8.0
52,2019-05-01,192.0,96.0,45.0,162.0,0.0,72.0,26.0,57.0,0.0,6.0
53,2019-06-01,133.0,91.0,97.0,196.0,0.0,60.0,40.0,40.0,1.0,6.0
54,2019-07-01,245.0,159.0,110.0,291.0,0.0,81.0,32.0,63.0,3.0,14.0
55,2019-08-01,182.0,106.0,122.0,249.0,0.0,87.0,40.0,45.0,3.0,16.0
56,2019-09-01,174.0,113.0,112.0,235.0,0.0,62.0,52.0,44.0,7.0,9.0
57,2019-10-01,203.0,117.0,124.0,264.0,0.0,65.0,38.0,54.0,11.0,12.0
58,2019-11-01,167.0,103.0,77.0,201.0,0.0,56.0,39.0,40.0,23.0,10.0
59,2019-12-01,135.0,100.0,73.0,149.0,0.0,54.0,18.0,56.0,21.0,11.0
60,2020-01-01,129.0,77.0,69.0,135.0,7.0,39.0,34.0,30.0,32.0,19.0
61,2020-02-01,109.0,43.0,65.0,0.0,107.0,8.0,7.0,23.0,19.0,5.0
62,2020-03-01,100.0,9.0,77.0,1.0,89.0,10.0,2.0,5.0,40.0,4.0
63,2020-04-01,115.0,0.0,92.0,1.0,67.0,38.0,36.0,7.0,80.0,14.0
64,2020-05-01,54.0,0.0,82.0,0.0,99.0,40.0,18.0,0.0,29.0,9.0
65,2020-06-01,59.0,0.0,86.0,0.0,88.0,41.0,31.0,0.0,42.0,11.0
66,2020-07-01,103.0,0.0,45.0,0.0,103.0,46.0,33.0,0.0,41.0,16.0
67,2020-08-01,101.0,0.0,40.0,0.0,50.0,54.0,26.0,0.0,55.0,13.0
68,2020-09-01,89.0,0.0,34.0,0.0,92.0,41.0,40.0,0.0,53.0,5.0
69,2020-10-01,66.0,0.0,27.0,1.0,94.0,37.0,26.0,0.0,19.0,9.0
70,2020-11-01,57.0,0.0,44.0,0.0,102.0,39.0,19.0,0.0,13.0,12.0
71,2020-12-01,47.0,0.0,39.0,0.0,83.0,23.0,25.0,0.0,27.0,10.0
72,2021-01-01,74.0,0.0,2.0,9.0,50.0,16.0,12.0,0.0,24.0,8.0
73,2021-02-01,78.0,0.0,45.0,1.0,99.0,85.0,15.0,0.0,14.0,4.0
74,2021-03-01,41.0,0.0,23.0,0.0,116.0,5.0,3.0,0.0,6.0,2.0
75,2021-04-01,41.0,0.0,6.0,0.0,117.0,5.0,5.0,0.0,2.0,1.0
76,2021-05-01,44.0,0.0,2.0,0.0,102.0,3.0,6.0,0.0,6.0,3.0
77,2021-06-01,39.0,0.0,4.0,0.0,101.0,0.0,3.0,0.0,1.0,2.0
78,2021-07-01,31.0,0.0,1.0,0.0,62.0,4.0,3.0,0.0,10.0,1.0
79,2021-08-01,55.0,0.0,57.0,0.0,111.0,5.0,5.0,0.0,8.0,0.0
80,2021-09-01,36.0,0.0,64.0,0.0,116.0,0.0,0.0,0.0,2.0,0.0
81,2021-10-01,45.0,0.0,57.0,0.0,65.0,31.0,23.0,0.0,26.0,3.0
82,2021-11-01,29.0,0.0,54.0,1.0,92.0,26.0,18.0,0.0,7.0,6.0
83,2021-12-01,18.0,0.0,34.0,0.0,51.0,18.0,10.0,0.0,11.0,5.0
84,2022-01-01,35.0,0.0,44.0,0.0,101.0,23.0,15.0,0.0,4.0,6.0
85,2022-02-01,0.0,0.0,49.0,0.0,86.0,34.0,13.0,0.0,6.0,4.0
86,2022-03-01,0.0,0.0,41.0,0.0,97.0,37.0,17.0,0.0,3.0,6.0
87,2022-04-01,0.0,0.0,33.0,0.0,62.0,34.0,28.0,3.0,11.0,6.0
88,2022-05-01,0.0,0.0,28.0,0.0,14.0,28.0,26.0,1.0,12.0,3.0
89,2022-06-01,0.0,0.0,33.0,0.0,66.0,30.0,26.0,2.0,10.0,6.0
90,2022-07-01,0.0,0.0,32.0,0.0,76.0,29.0,22.0,0.0,6.0,6.0
91,2022-08-01,0.0,0.0,3.0,0.0,76.0,26.0,15.0,0.0,5.0,6.0
92,2022-09-01,0.0,0.0,2.0,0.0,87.0,30.0,26.0,0.0,9.0,5.0
93,2022-10-01,0.0,0.0,3.0,0.0,73.0,18.0,28.0,0.0,3.0,7.0
94,2022-11-01,0.0,0.0,1.0,1.0,111.0,26.0,15.0,3.0,4.0,1.0
95,2022-12-01,0.0,0.0,1.0,0.0,103.0,29.0,20.0,0.0,3.0,10.0
96,2023-01-01,0.0,0.0,0.0,1.0,86.0,43.0,26.0,3.0,14.0,4.0
