,just_month,issue_id,changed_files
1,2022-11-01,34018,20
5,2022-03-01,33104,2
6,2022-02-01,31878,22
8,2022-03-01,29614,5
9,2022-07-01,34168,1
10,2022-07-01,34168,1
11,2022-06-01,34043,1
12,2022-06-01,34043,1
20,2023-02-01,32235,20
27,2019-07-01,25181,9
31,2021-01-01,27449,135
36,2023-02-01,36052,3
39,2022-09-01,34542,13
42,2023-01-01,35979,1
43,2023-01-01,35979,1
61,2021-12-01,31697,14
64,2022-11-01,35350,9
65,2022-11-01,35350,1
67,2019-06-01,21718,1
68,2020-02-01,27649,1
71,2019-05-01,24519,14
82,2018-08-01,16826,1
86,2019-08-01,22241,3
94,2022-06-01,33740,1
100,2022-01-01,32691,1
104,2023-01-01,35907,1
105,2023-01-01,35832,3
106,2020-08-01,29268,1
107,2020-08-01,29268,2
110,2021-12-01,32528,161
121,2018-11-01,14887,3
127,2022-05-01,32735,1
130,2020-02-01,27483,9
133,2021-11-01,30371,6
135,2023-01-01,35168,8
139,2022-12-01,35398,1
140,2022-05-01,30666,2
141,2022-04-01,33006,9
145,2022-11-01,30849,19
151,2021-09-01,32004,4
168,2021-09-01,30503,1
169,2023-01-01,35778,4
170,2022-10-01,34923,122
173,2021-07-01,31054,1
175,2022-10-01,35119,1
178,2021-03-01,30176,1
187,2022-03-01,32237,3
190,2022-12-01,32203,1
191,2022-08-01,33760,6
193,2022-12-01,33760,12
197,2022-12-01,35547,6
203,2020-11-01,30158,85
204,2022-07-01,30158,10
205,2022-07-01,35504,25
213,2022-09-01,34601,2
228,2022-11-01,32883,1
231,2021-06-01,31278,7
236,2021-12-01,31572,1
240,2022-11-01,35136,3
242,2023-01-01,35222,182
249,2021-04-01,29507,3
250,2021-10-01,29507,19
251,2021-11-01,32372,23
253,2021-11-01,32507,1
255,2021-12-01,32509,2
256,2023-01-01,34868,10
276,2022-09-01,34768,1
285,2022-05-01,33157,383
290,2023-02-01,29408,3
292,2022-10-01,35009,1
293,2022-09-01,31221,1
294,2020-09-01,26739,3
297,2022-08-01,34274,56
300,2022-04-01,35002,8
311,2022-10-01,34888,2
328,2021-05-01,29290,1
329,2021-11-01,32253,5
333,2022-01-01,32051,1
334,2022-09-01,31583,5
338,2021-03-01,29303,12
339,2020-12-01,29303,6
340,2022-01-01,29303,39
342,2022-05-01,29303,13
345,2023-02-01,29303,26
346,2022-05-01,33734,383
351,2022-09-01,34639,1
352,2022-09-01,34639,2
353,2021-09-01,32145,1
355,2021-12-01,31484,5
360,2021-09-01,32054,17
366,2022-09-01,30972,2
374,2022-02-01,30939,5
375,2022-02-01,33060,6
379,2020-10-01,29378,14
386,2021-07-01,29495,2
387,2021-07-01,29495,1
392,2022-08-01,30846,3
402,2023-02-01,34143,1
407,2022-07-01,34247,2
410,2022-07-01,34120,25
412,2022-09-01,30861,2
413,2021-03-01,29308,2
414,2022-01-01,32904,2
415,2022-06-01,34103,3
420,2020-09-01,28784,6
424,2019-07-01,22005,1
426,2020-06-01,22005,1
430,2022-11-01,34165,1
431,2021-06-01,29203,1
432,2022-01-01,32366,9
436,2021-10-01,31774,8
442,2021-10-01,30533,8
446,2021-08-01,30320,1
448,2021-11-01,31692,6
449,2022-06-01,34077,1
450,2022-06-01,34074,1
457,2022-06-01,33534,4
462,2017-06-01,6480,4
468,2021-05-01,31269,2
469,2021-12-01,31269,3
472,2022-01-01,32823,6
486,2022-07-01,33065,3
487,2022-07-01,33065,3
491,2021-03-01,27333,2
494,2022-05-01,31374,2
495,2021-12-01,32618,1
503,2022-04-01,33586,15
505,2022-05-01,33763,14
507,2020-05-01,28709,2
510,2022-02-01,31412,3
519,2021-07-01,31190,15
540,2021-11-01,31180,2
548,2020-04-01,28549,5
551,2022-03-01,33014,13
552,2021-05-01,29255,1
557,2021-03-01,30716,2
564,2022-02-01,33011,3
575,2021-08-01,26003,1
583,2021-10-01,32180,1
585,2021-10-01,32198,27
590,2020-04-01,28602,2
592,2021-10-01,32255,1
594,2021-09-01,30497,3
595,2021-11-01,32279,6
596,2021-10-01,32311,4
600,2020-07-01,28298,1
601,2020-07-01,28298,2021
609,2021-02-01,30577,1
610,2018-02-01,16067,1
612,2021-11-01,32181,5
618,2023-01-01,29473,3
619,2021-02-01,30366,1
620,2022-02-01,32313,1
623,2021-07-01,31345,1
624,2022-01-01,31345,30
637,2021-02-01,30272,1
640,2020-10-01,30181,1
644,2020-07-01,28824,37
646,2020-03-01,23404,1
647,2019-07-01,25558,3
648,2019-07-01,25589,1
650,2019-07-01,25601,74
656,2019-07-01,25667,1
657,2019-07-01,25667,2
660,2019-07-01,25693,1
661,2019-07-01,25693,1
662,2021-05-01,25703,6
663,2019-09-01,25744,9
666,2020-10-01,29980,1
667,2021-01-01,30015,11
668,2019-08-01,25882,4
669,2019-08-01,25882,1
670,2019-08-01,25904,1
672,2020-04-01,26193,2
674,2019-12-01,26252,1
675,2020-06-01,26283,3
676,2021-04-01,26283,7
693,2019-09-01,26579,452
694,2020-01-01,26588,6
695,2020-01-01,26591,5
697,2020-02-01,26645,2
707,2020-09-01,26964,4
716,2020-11-01,27292,24
722,2020-05-01,27548,1
729,2020-03-01,27920,1
730,2020-04-01,27920,16
731,2020-03-01,27997,9
736,2020-03-01,28213,1
738,2020-03-01,28270,1
739,2020-03-01,28270,2
740,2020-03-01,28270,1
750,2020-03-01,28414,1
752,2020-03-01,28454,3
754,2021-07-01,28535,8
755,2020-04-01,28558,1
759,2020-04-01,28592,1
782,2020-08-01,29425,1
784,2021-05-01,29543,1
785,2020-11-01,29721,3
791,2021-07-01,30056,2
792,2021-07-01,30056,1
795,2021-11-01,31725,2
800,2022-02-01,31176,13
801,2021-02-01,30326,1
803,2020-10-01,30036,4
804,2021-03-01,30036,1
805,2021-06-01,31348,1
806,2021-10-01,31348,13
807,2021-06-01,31099,1
810,2021-06-01,29911,2
812,2021-05-01,31350,2
817,2019-10-01,25265,1
820,2021-02-01,30684,1
829,2021-11-01,30383,1
831,2022-08-01,30383,509
832,2021-02-01,29272,3
834,2021-01-01,29689,2
837,2020-12-01,28710,1
840,2020-04-01,28469,2
846,2022-01-01,26808,1
853,2020-09-01,29774,1
856,2021-07-01,27396,2
862,2021-01-01,29300,1
863,2020-02-01,24011,3
865,2021-03-01,28694,2
868,2019-10-01,24428,1
872,2019-12-01,25492,9
875,2020-02-01,27905,1
877,2019-08-01,25927,1
881,2019-05-01,25145,1
885,2019-07-01,25197,4
886,2019-09-01,25228,1
887,2019-06-01,25259,1
889,2019-09-01,25182,3
892,2020-06-01,25187,200
895,2019-05-01,24770,37
919,2019-08-01,24861,2
930,2019-05-01,24468,1
935,2019-08-01,24455,3
942,2018-06-01,18375,59
946,2019-05-01,24552,1
948,2019-07-01,24221,1
958,2018-05-01,16152,9
962,2018-06-01,18775,72
975,2020-01-01,13845,2
977,2018-12-01,22637,7
985,2019-03-01,22535,3
992,2019-03-01,23955,53
993,2019-04-01,23955,2
994,2019-04-01,23955,2
996,2019-03-01,24103,1
999,2017-01-01,10966,3
1000,2017-04-01,10966,1
1001,2017-08-01,12814,1
1002,2018-01-01,13740,7
1003,2018-01-01,13740,1
1005,2018-12-01,22024,7
1018,2018-07-01,19650,1
1026,2019-03-01,21309,9
1038,2019-06-01,23254,1
1046,2019-04-01,24013,1
1057,2019-03-01,23866,1
1059,2018-01-01,12205,1
1061,2019-08-01,22927,2
1062,2019-12-01,27306,1
1066,2018-10-01,21075,19
1072,2019-09-01,23836,10
1073,2019-08-01,25911,1
1081,2018-11-01,21030,15
1084,2019-10-01,23495,2
1086,2017-12-01,12529,1
1101,2018-04-01,18598,1
1113,2019-01-01,20497,1
1122,2019-01-01,23183,1
1144,2019-03-01,23916,53
1151,2019-01-01,22811,1
1153,2019-05-01,22812,8
1166,2019-09-01,22741,6
1171,2020-01-01,21126,1
1177,2019-08-01,22462,3
1181,2016-04-01,6946,11
1182,2017-07-01,8885,3
1185,2017-09-01,10712,1
1188,2017-03-01,11594,1
1190,2017-05-01,11681,4
1191,2017-09-01,12103,2
1197,2017-08-01,13463,1
1201,2018-02-01,13938,10
1208,2018-11-01,16151,2
1213,2019-04-01,22145,1
1222,2018-08-01,20588,44
1223,2018-12-01,22520,1
1232,2019-05-01,22163,2
1261,2019-04-01,21939,1
1262,2018-11-01,21937,23
1268,2018-10-01,21907,2
1269,2019-08-01,25679,1
1282,2018-09-01,21150,4
1288,2019-02-01,21070,2
1292,2019-03-01,21498,1
1304,2018-10-01,21336,6
1305,2018-09-01,21104,1
1306,2018-09-01,21253,1
1309,2019-04-01,18802,1
1312,2018-10-01,21219,7
1320,2018-10-01,21054,1
1321,2018-09-01,21054,1
1324,2018-03-01,18272,2
1325,2018-03-01,18272,2
1327,2019-08-01,25127,12
1332,2018-09-01,20969,1
1334,2018-05-01,18868,1
1336,2018-02-01,16536,5
1346,2018-08-01,18815,7
1347,2018-12-01,20614,91
1355,2019-01-01,21749,1
1357,2018-12-01,23350,3
1358,2019-04-01,24207,1
1362,2018-10-01,20488,2
1363,2019-05-01,20488,3
1366,2018-08-01,20464,1
1373,2022-08-01,25040,1
1374,2019-04-01,20154,1
1379,2018-08-01,19986,1
1382,2018-04-01,18095,1
1383,2018-06-01,18095,2
1384,2018-07-01,18095,1
1385,2018-07-01,18095,1
1391,2019-03-01,19844,1
1398,2018-06-01,19735,1
1399,2018-04-01,18944,26
1400,2018-05-01,18944,19
1403,2018-11-01,18944,24
1411,2018-05-01,18854,4
1414,2019-01-01,19569,1
1415,2018-10-01,19308,35
1422,2018-05-01,19396,1
1425,2018-05-01,19270,19
1426,2019-03-01,19009,1
1428,2018-05-01,18954,1
1431,2018-06-01,18695,4
1433,2018-07-01,18967,1
1444,2018-04-01,18683,3
1448,2018-04-01,18223,32
1455,2018-08-01,18473,2
1467,2018-09-01,18344,3
1471,2018-04-01,18303,1
1475,2017-01-01,17957,29
1476,2018-10-01,18120,0
1478,2018-03-01,18010,2
1481,2018-07-01,16333,3
1484,2018-01-01,17042,1
1498,2018-05-01,17624,31
1499,2018-02-01,17677,64
1502,2018-02-01,17862,4
1507,2018-01-01,17027,4
1516,2018-02-01,17503,1
1517,2018-02-01,17503,1
1520,2018-01-01,17274,4
1524,2018-07-01,17276,1
1530,2018-09-01,17410,6
1540,2017-12-01,17233,1
1543,2018-05-01,17053,26
1544,2018-05-01,17110,1
1546,2017-12-01,16501,1
1548,2017-09-01,15957,1
1552,2018-06-01,16920,1
1554,2018-02-01,14161,1
1556,2019-01-01,16863,1
1557,2017-11-01,16764,13
1567,2017-11-01,16542,2
1568,2017-12-01,16542,1
1569,2018-01-01,16542,2
1570,2018-07-01,18818,2
1572,2017-12-01,16458,49
1579,2018-05-01,15303,1
1583,2017-10-01,16213,1
1589,2017-07-01,9599,21
1603,2015-11-01,3198,1
1607,2017-09-01,15810,127
1609,2017-09-01,15810,72
1612,2017-01-01,11327,2
1629,2018-05-01,14989,12
1638,2016-11-01,6691,1
1642,2017-06-01,13996,12
1647,2018-08-01,15672,1
1650,2017-08-01,14157,4
1654,2018-04-01,18999,13
1657,2018-01-01,8723,7
1659,2017-03-01,12929,1
1661,2017-05-01,13251,2
1669,2018-04-01,18743,1
1676,2017-08-01,15232,1
1680,2017-05-01,9612,1
1682,2017-09-01,12309,1
1688,2018-04-01,18104,1
1691,2017-06-01,14533,1
1692,2017-01-01,9037,2
1695,2016-10-01,10297,2
1703,2018-02-01,12440,50
1726,2018-05-01,15149,1
1728,2015-11-01,2,2
1764,2015-05-01,114,11
1767,2015-03-01,122,1
1776,2015-04-01,240,2
1778,2015-04-01,251,1
1779,2015-03-01,252,1
1782,2015-05-01,274,1
1784,2015-03-01,282,1
1788,2015-05-01,293,11
1789,2015-05-01,293,3
1796,2015-03-01,306,1
1807,2015-04-01,410,32
1810,2015-03-01,429,1
1816,2015-03-01,483,4
1824,2015-05-01,534,1
1825,2015-05-01,534,1
1833,2015-04-01,709,1
1837,2017-09-01,740,7
1843,2016-09-01,797,1
1856,2018-03-01,915,1
1857,2018-03-01,915,1
1860,2016-09-01,950,11
1881,2015-05-01,1141,1
1889,2015-05-01,1223,1
1891,2016-02-01,1234,1
1897,2018-03-01,1310,2
1907,2015-05-01,1354,2
1909,2015-06-01,1390,2
1913,2015-07-01,1412,3
1916,2015-10-01,1472,10
1917,2015-06-01,1468,1
1923,2015-12-01,1563,21
1942,2015-06-01,1715,1
1945,2015-07-01,1737,3
1948,2015-07-01,1737,44
1949,2015-06-01,1746,1
1959,2015-07-01,1821,1
1973,2015-07-01,1934,1
1977,2015-07-01,1944,1
1990,2015-07-01,2077,1
1992,2016-02-01,2103,1
1997,2015-07-01,2137,9
2003,2015-08-01,2184,3
2004,2017-05-01,2219,1
2006,2015-09-01,2225,1
2010,2015-09-01,2258,2
2037,2015-08-01,2454,2
2038,2015-08-01,2453,7
2039,2015-09-01,2455,2
2041,2015-09-01,2464,1
2044,2016-06-01,2481,2
2049,2015-12-01,2519,1
2055,2015-09-01,2620,1
2062,2015-09-01,2705,1
2064,2015-09-01,2764,1
2070,2017-05-01,2795,1
2073,2015-11-01,2803,1
2078,2016-04-01,2862,1
2082,2016-03-01,2903,1
2095,2015-10-01,2985,1
2098,2015-10-01,2985,1
2099,2015-10-01,2985,1
2109,2015-09-01,3037,1
2132,2018-10-01,3212,2
2140,2016-03-01,3288,1
2150,2015-12-01,3337,2
2155,2016-02-01,3375,1
2157,2016-02-01,3381,1
2158,2016-02-01,3381,1
2161,2016-02-01,3412,1
2162,2015-10-01,3429,10
2164,2015-10-01,3440,1
2167,2015-10-01,3475,1
2179,2015-10-01,3600,3
2182,2015-10-01,3644,1
2186,2017-05-01,3685,1
2187,2015-11-01,3701,2
2192,2015-12-01,3771,1
2199,2015-11-01,3817,1
2205,2016-06-01,3876,2
2225,2015-12-01,4062,1
2227,2016-02-01,4087,2
2228,2015-11-01,4101,1
2235,2015-11-01,4181,1
2236,2015-12-01,4186,1
2237,2016-11-01,4214,1
2242,2015-11-01,4309,2
2249,2016-01-01,4402,1
2257,2017-04-01,4509,22
2258,2016-02-01,4515,1
2260,2015-12-01,4549,54
2261,2015-12-01,4582,1
2262,2018-01-01,4587,4
2268,2015-12-01,4605,39
2270,2016-01-01,4605,1
2277,2016-02-01,4674,22
2281,2015-12-01,4734,1
2285,2016-12-01,4753,1
2288,2016-06-01,4775,1
2289,2015-12-01,4777,1
2309,2016-01-01,5169,1
2314,2016-02-01,5224,3
2319,2016-11-01,5252,1
2320,2016-01-01,5262,26632
2333,2016-02-01,5361,1
2360,2016-02-01,5649,2
2361,2016-08-01,5649,2
2362,2016-09-01,5649,1
2364,2016-02-01,5658,1
2385,2017-01-01,5850,1
2386,2016-12-01,5846,2
2393,2017-02-01,5917,1
2398,2016-02-01,5940,2
2406,2017-01-01,6025,0
2411,2016-06-01,6139,1
2429,2016-04-01,6315,3
2442,2017-03-01,6459,2
2448,2016-04-01,6597,1
2460,2017-03-01,7788,1
2475,2016-11-01,10603,14
2492,2017-02-01,11502,1
2495,2016-11-01,11537,8
2500,2017-02-01,11601,15
2518,2016-04-01,6677,1
2535,2016-04-01,6876,1
2551,2016-05-01,7040,4
2553,2017-02-01,7047,4
2554,2017-05-01,7047,1
2573,2016-05-01,7207,4
2577,2017-04-01,7306,22
2581,2016-05-01,7373,24
2591,2016-06-01,7532,1
2592,2016-11-01,7532,3
2597,2016-09-01,7572,8
2610,2016-05-01,7697,15
2611,2016-05-01,7707,1390
2613,2016-06-01,7719,1
2615,2016-06-01,7719,7
2622,2016-12-01,7802,5
2623,2017-04-01,7814,22
2628,2016-06-01,7877,1
2635,2018-02-01,7965,1
2653,2016-06-01,8156,9
2674,2016-08-01,8215,4
2675,2016-08-01,8215,1
2676,2016-09-01,8215,1
2677,2016-11-01,8215,13
2678,2017-06-01,8236,2
2684,2016-12-01,8296,1
2685,2017-08-01,8296,2
2689,2017-01-01,8308,5
2691,2018-04-01,8307,1
2699,2016-08-01,8449,1
2708,2016-07-01,8607,7
2712,2016-09-01,8661,20
2715,2016-09-01,8686,4
2721,2016-12-01,8821,43
2722,2018-03-01,8821,1
2725,2016-12-01,8880,1
2728,2016-10-01,8899,1
2744,2016-08-01,9043,1
2753,2016-08-01,9168,8
2754,2016-08-01,9165,5
2761,2016-09-01,9310,20
2769,2016-09-01,9503,19
2774,2017-03-01,9570,4
2775,2016-08-01,9579,5
2780,2016-10-01,9685,3
2793,2017-04-01,9822,8
2801,2016-10-01,9921,8
2807,2016-10-01,10033,1
2808,2016-09-01,10080,1
2823,2017-05-01,10362,7
2833,2017-11-01,10461,1
2836,2018-03-01,10550,9
2849,2016-12-01,10782,1
2860,2017-08-01,11036,1
2861,2017-12-01,11036,1
2869,2017-02-01,11114,2
2876,2016-12-01,11148,4
2883,2017-01-01,11301,3
2887,2017-01-01,11336,13
2897,2017-01-01,11585,4
2908,2017-01-01,11721,24
2909,2017-01-01,11725,3
2911,2017-02-01,11725,6
2912,2017-01-01,11725,2
2920,2018-02-01,11776,2
2927,2017-01-01,11861,3
2936,2017-04-01,12078,3
2957,2017-09-01,12503,1
2962,2017-05-01,12646,4
2977,2017-03-01,12976,3
2983,2017-03-01,13078,1
2989,2017-05-01,13291,28
2992,2017-04-01,13343,2
2997,2018-10-01,13457,2
2999,2017-05-01,13469,28
3011,2018-01-01,13653,41
3018,2017-07-01,13874,2
3044,2017-10-01,14454,1
3046,2017-06-01,14480,1
3047,2017-10-01,14538,9
3054,2018-06-01,14841,7
3055,2017-07-01,14866,1
3059,2017-07-01,14935,1
3060,2017-08-01,14935,2
3062,2017-07-01,14995,2
