date,Total_issue,closed_issue,ratio,scaled,Total_pull,changed_files,changed_files_scaled
2020-05-01,8.88888888888889,5,1.0,1.0,0.0,0.0,3.0
2020-06-01,15.555555555555557,8,1.0,1.0,0.0,0.0,3.0
2020-07-01,15.555555555555557,8,1.0,1.0,0.0,0.0,3.0
2020-08-01,0.0,1,1.0,1.0,6.25,5.0,3.0916230366492146
2020-09-01,42.22222222222222,20,1.0,1.0,0.0,0.0,3.0
2020-10-01,6.666666666666667,4,1.0,1.0,0.0,0.0,3.0
2020-11-01,31.111111111111114,14,0.9333333333333332,0.7733333333333334,18.75,27.0,3.494764397905759
2020-12-01,11.11111111111111,6,1.0,1.0,31.25,45.0,3.824607329842932
2021-01-01,20.0,10,1.0,1.0,6.25,24.0,3.43979057591623
2021-02-01,8.88888888888889,4,0.8,0.3200000000000003,18.75,30.0,3.549738219895288
2021-03-01,17.77777777777778,9,1.0,1.0,0.0,0.0,3.0
2021-04-01,6.666666666666667,4,1.0,1.0,37.5,94.0,4.722513089005235
2021-05-01,64.44444444444444,27,0.9,0.6600000000000001,18.75,23.0,3.4214659685863875
2021-06-01,100.0,44,0.9565217391304348,0.8521739130434782,56.25,26.0,3.4764397905759163
2021-07-01,55.55555555555556,26,1.0,1.0,25.0,9.0,3.1649214659685865
2021-08-01,20.0,10,1.0,1.0,31.25,20.0,3.3664921465968587
2021-09-01,66.66666666666666,25,0.8064516129032258,0.3419354838709676,100.0,382.0,10.0
2021-10-01,28.888888888888893,13,0.9285714285714286,0.7571428571428571,43.75,126.0,5.30890052356021
2021-11-01,46.66666666666667,18,0.8181818181818182,0.3818181818181818,31.25,41.0,3.75130890052356
2021-12-01,6.666666666666667,3,0.75,0.1499999999999999,18.75,6.0,3.1099476439790577
2022-01-01,13.333333333333336,7,1.0,1.0,37.5,12.0,3.2198952879581157
2022-02-01,8.88888888888889,5,1.0,1.0,12.5,3.0,3.054973821989529
2022-03-01,0.0,1,1.0,1.0,0.0,0.0,3.0
2022-04-01,24.444444444444446,12,1.0,1.0,0.0,0.0,3.0
2022-05-01,2.2222222222222223,2,1.0,1.0,25.0,9.0,3.1649214659685865
2022-06-01,20.0,10,1.0,1.0,12.5,9.0,3.1649214659685865
2022-07-01,20.0,9,0.9,0.6600000000000001,31.25,15.0,3.274869109947644
2022-08-01,35.55555555555556,12,0.7058823529411765,0.0,18.75,9.0,3.1649214659685865
2022-09-01,20.0,9,0.9,0.6600000000000001,18.75,60.0,4.099476439790576
2022-10-01,13.333333333333336,5,0.7142857142857143,0.0285714285714284,31.25,22.0,3.4031413612565444
