,date,Total_issue,closed_issue,ratio,scaled,Total_pull,changed_files,changed_files_scaled
0,2020-01-01,5.882352941176471,5.0,1.0,1.0,0.0,0.0,0.0
1,2020-02-01,8.23529411764706,7.0,1.0,1.0,0.0,0.0,0.0
2,2020-03-01,12.941176470588236,11.0,1.0,1.0,1.492537313432836,5.0,3.04375
3,2020-04-01,11.764705882352942,10.0,1.0,1.0,0.0,0.0,0.0
4,2020-05-01,25.88235294117647,22.0,1.0,1.0,0.0,0.0,0.0
5,2020-06-01,29.411764705882355,25.0,1.0,1.0,0.0,0.0,0.0
6,2020-07-01,72.94117647058823,62.0,1.0,1.0,2.985074626865672,2.0,3.0175
7,2020-08-01,41.1764705882353,34.0,0.9714285714285714,0.9588039867109636,2.985074626865672,8.0,3.07
8,2020-09-01,83.52941176470588,70.0,0.9859154929577464,0.9796921061251228,2.985074626865672,4.0,3.035
9,2020-10-01,47.05882352941177,39.0,0.975,0.963953488372093,16.417910447761194,88.0,3.77
10,2020-11-01,71.76470588235294,59.0,0.9672131147540984,0.9527258863896302,29.850746268656717,68.0,3.595
11,2020-12-01,45.88235294117647,37.0,0.9487179487179488,0.9260584376863444,25.373134328358212,84.0,3.7350000000000003
12,2021-01-01,64.70588235294117,53.0,0.9636363636363636,0.947568710359408,20.895522388059703,116.0,4.015000000000001
13,2021-02-01,52.94117647058824,43.0,0.9555555555555556,0.9359173126614988,23.880597014925375,104.0,3.91
14,2021-03-01,51.76470588235294,42.0,0.9545454545454546,0.9344608879492602,14.925373134328359,49.0,3.42875
15,2021-04-01,57.64705882352941,45.0,0.9183673469387756,0.8822971048884671,26.865671641791046,229.0,5.00375
16,2021-05-01,82.3529411764706,64.0,0.9142857142857144,0.8764119601328904,20.895522388059703,70.0,3.6125
17,2021-06-01,87.05882352941177,62.0,0.8378378378378378,0.7661847894406033,41.791044776119406,126.0,4.1025
18,2021-07-01,47.05882352941177,35.0,0.875,0.8197674418604652,14.925373134328359,44.0,3.385
19,2021-08-01,35.294117647058826,28.0,0.9333333333333332,0.903875968992248,19.402985074626866,40.0,3.35
20,2021-09-01,89.41176470588236,59.0,0.7763157894736842,0.6774785801713585,38.80597014925373,502.0,7.3925
21,2021-10-01,70.58823529411765,51.0,0.85,0.7837209302325581,37.3134328358209,608.0,8.32
22,2021-11-01,82.3529411764706,61.0,0.8714285714285714,0.8146179401993356,38.80597014925373,328.0,5.87
23,2021-12-01,52.94117647058824,40.0,0.8888888888888888,0.8397932816537468,23.880597014925375,55.0,3.48125
24,2022-01-01,95.29411764705883,67.0,0.8271604938271605,0.7507895492391616,61.194029850746276,397.0,6.473750000000001
25,2022-02-01,70.58823529411765,50.0,0.8333333333333334,0.7596899224806202,38.80597014925373,204.0,4.785
26,2022-03-01,51.76470588235294,37.0,0.8409090909090909,0.7706131078224101,28.358208955223883,796.0,9.965
27,2022-04-01,58.82352941176471,40.0,0.8,0.7116279069767442,19.402985074626866,132.0,4.155
28,2022-05-01,57.64705882352941,42.0,0.8571428571428571,0.7940199335548173,47.76119402985075,266.0,5.327500000000001
29,2022-06-01,52.94117647058824,36.0,0.8,0.7116279069767442,28.358208955223883,130.0,4.1375
30,2022-07-01,100.0,56.0,0.6588235294117647,0.5080711354309164,67.16417910447761,273.0,5.38875
31,2022-08-01,83.52941176470588,46.0,0.647887323943662,0.4923026531280708,100.0,800.0,10.0
32,2022-09-01,74.11764705882354,37.0,0.5873015873015873,0.4049464747139166,53.73134328358209,336.0,5.94
33,2022-10-01,72.94117647058823,19.0,0.3064516129032258,0.0,71.64179104477613,286.0,5.5025
34,2022-11-01,0.0,0.0,0.0,0.0,13.432835820895523,55.0,3.48125
