,username,category,only_month
0,ZanSara,high,2022-10-01
5,ZanSara,high,2021-10-01
21,ZanSara,high,2021-12-01
22,ZanSara,high,2022-01-01
49,ZanSara,high,2022-09-01
56,ZanSara,high,2022-07-01
57,ZanSara,high,2022-08-01
71,ZanSara,high,2022-06-01
77,ZanSara,high,2022-05-01
97,ZanSara,high,2022-04-01
103,ZanSara,high,2022-02-01
113,ZanSara,high,2022-03-01
123,ZanSara,high,2021-11-01
384,ZanSara,high,2021-09-01
390,jordanparker6,low,2022-10-01
391,jordanparker6,low,2022-09-01
394,anakin87,low,2022-10-01
400,anakin87,low,2022-09-01
417,anakin87,low,2022-08-01
420,anakin87,low,2022-07-01
431,anakin87,low,2022-05-01
439,anakin87,low,2022-06-01
447,OMGMoore,low,2022-10-01
454,OMGMoore,low,2022-09-01
455,masci,low,2022-10-01
457,masci,low,2022-09-01
462,masci,low,2022-08-01
478,masci,low,2022-06-01
482,masci,low,2022-05-01
499,masci,low,2022-07-01
526,vijayirlapati,low,2022-10-01
529,vijayirlapati,low,2022-07-01
531,Timoeller,mid,2021-10-01
532,Timoeller,mid,2021-03-01
534,Timoeller,mid,2021-05-01
535,Timoeller,mid,2021-07-01
538,Timoeller,mid,2022-04-01
539,Timoeller,mid,2022-02-01
540,Timoeller,mid,2021-12-01
543,Timoeller,mid,2021-01-01
549,Timoeller,mid,2020-09-01
551,Timoeller,mid,2020-11-01
552,Timoeller,mid,2021-11-01
568,Timoeller,mid,2021-09-01
577,Timoeller,mid,2021-02-01
600,Timoeller,mid,2021-06-01
601,Timoeller,mid,2020-06-01
602,Timoeller,mid,2020-07-01
622,Timoeller,mid,2020-08-01
649,Timoeller,mid,2021-04-01
784,Timoeller,mid,2020-12-01
807,Timoeller,mid,2020-10-01
877,Timoeller,mid,2020-05-01
890,Timoeller,mid,2020-02-01
895,Timoeller,mid,2020-03-01
897,ugm2,low,2022-09-01
898,ugm2,low,2022-10-01
905,ugm2,low,2022-07-01
906,bogdankostic,mid,2022-08-01
907,bogdankostic,mid,2022-10-01
909,bogdankostic,mid,2021-11-01
910,bogdankostic,mid,2022-05-01
911,bogdankostic,mid,2022-06-01
917,bogdankostic,mid,2022-09-01
922,bogdankostic,mid,2022-02-01
929,bogdankostic,mid,2021-09-01
943,bogdankostic,mid,2022-04-01
945,bogdankostic,mid,2022-03-01
960,bogdankostic,mid,2021-12-01
989,bogdankostic,mid,2022-01-01
1042,bogdankostic,mid,2021-10-01
1050,bogdankostic,mid,2021-06-01
1077,bogdankostic,mid,2020-11-01
1078,bogdankostic,mid,2021-07-01
1079,bogdankostic,mid,2021-03-01
1080,bogdankostic,mid,2020-10-01
1084,rdubester,low,2022-09-01
1085,sjrl,low,2022-09-01
1086,sjrl,low,2022-10-01
1088,sjrl,low,2022-07-01
1100,sjrl,low,2022-08-01
1160,mkkuemmel,low,2022-10-01
1161,mkkuemmel,low,2022-03-01
1172,FHardow,low,2022-10-01
1173,FHardow,low,2022-06-01
1174,FHardow,low,2022-08-01
1176,vblagoje,low,2022-10-01
1177,vblagoje,low,2022-09-01
1188,vblagoje,low,2022-07-01
1191,vblagoje,low,2022-08-01
1195,vblagoje,low,2022-06-01
1205,vblagoje,low,2022-03-01
1207,vblagoje,low,2021-09-01
1209,vblagoje,low,2021-05-01
1210,vblagoje,low,2021-06-01
1214,mayankjobanputra,low,2022-10-01
1215,julian-risch,mid,2022-10-01
1219,julian-risch,mid,2022-06-01
1231,julian-risch,mid,2022-08-01
1237,julian-risch,mid,2022-03-01
1239,julian-risch,mid,2022-07-01
1240,julian-risch,mid,2021-09-01
1242,julian-risch,mid,2021-12-01
1262,julian-risch,mid,2022-05-01
1295,julian-risch,mid,2022-04-01
1310,julian-risch,mid,2022-02-01
1356,julian-risch,mid,2022-01-01
1374,julian-risch,mid,2021-06-01
1396,julian-risch,mid,2021-11-01
1407,julian-risch,mid,2021-08-01
1424,julian-risch,mid,2021-10-01
1486,julian-risch,mid,2021-07-01
1504,julian-risch,mid,2021-01-01
1505,julian-risch,mid,2021-02-01
1506,julian-risch,mid,2021-03-01
1508,julian-risch,mid,2021-04-01
1585,julian-risch,mid,2021-05-01
1648,vtharmalingam,low,2022-10-01
1649,wochinge,low,2022-10-01
1650,wochinge,low,2022-08-01
1652,wochinge,low,2022-07-01
1653,sumanthp,low,2021-11-01
1654,dlicari,low,2021-11-01
1655,CircArgs,low,2022-03-01
1657,timpal0l,low,2022-05-01
1658,timpal0l,low,2021-12-01
1660,sankalp-acl,low,2022-10-01
1662,sinchanabhat,low,2022-10-01
1664,ali-issa9,low,2022-10-01
1666,brandenchan,mid,2022-10-01
1670,brandenchan,mid,2021-03-01
1672,brandenchan,mid,2022-03-01
1673,brandenchan,mid,2020-07-01
1674,brandenchan,mid,2022-09-01
1675,brandenchan,mid,2022-04-01
1694,brandenchan,mid,2021-10-01
1697,brandenchan,mid,2022-02-01
1700,brandenchan,mid,2021-06-01
1702,brandenchan,mid,2021-11-01
1703,brandenchan,mid,2021-07-01
1704,brandenchan,mid,2021-08-01
1718,brandenchan,mid,2021-04-01
1721,brandenchan,mid,2021-01-01
1738,brandenchan,mid,2021-09-01
1780,brandenchan,mid,2021-02-01
1784,brandenchan,mid,2021-05-01
1827,brandenchan,mid,2020-12-01
1831,brandenchan,mid,2020-11-01
1840,brandenchan,mid,2020-10-01
1850,brandenchan,mid,2020-09-01
1858,mwade-noetic,low,2022-10-01
1859,robpasternak,low,2022-10-01
1860,robpasternak,low,2022-05-01
1861,robpasternak,low,2022-06-01
1866,danielbichuetti,low,2022-07-01
1867,danielbichuetti,low,2022-10-01
1871,danielbichuetti,low,2022-09-01
1878,danielbichuetti,low,2022-08-01
1882,danielbichuetti,low,2022-06-01
1908,nickchomey,low,2022-10-01
1914,nickchomey,low,2022-09-01
1931,lsamper,low,2022-09-01
1933,lsamper,low,2022-10-01
1934,aabasova,low,2022-06-01
1935,thobson,low,2022-09-01
1938,hsm207,low,2022-10-01
1940,hsm207,low,2021-09-01
1941,tstadel,mid,2022-07-01
1943,tstadel,mid,2022-03-01
1944,tstadel,mid,2021-12-01
1945,tstadel,mid,2022-01-01
1947,tstadel,mid,2022-05-01
1949,tstadel,mid,2022-08-01
1968,tstadel,mid,2022-04-01
1977,tstadel,mid,2022-06-01
2020,tstadel,mid,2022-02-01
2051,tstadel,mid,2021-11-01
2076,espoirMur,low,2022-07-01
2078,espoirMur,low,2022-06-01
2080,Squishy-33,low,2022-07-01
2082,Squishy-33,low,2022-10-01
2083,bglearning,low,2022-09-01
2087,bglearning,low,2022-08-01
2099,tiwari93,low,2022-09-01
2100,tiwari93,low,2022-04-01
2101,tholor,high,2022-08-01
2102,tholor,high,2020-02-01
2104,tholor,high,2021-10-01
2105,tholor,high,2021-05-01
2107,tholor,high,2022-09-01
2109,tholor,high,2020-08-01
2110,tholor,high,2020-09-01
2111,tholor,high,2021-09-01
2112,tholor,high,2021-01-01
2114,tholor,high,2021-08-01
2117,tholor,high,2021-06-01
2118,tholor,high,2021-04-01
2120,tholor,high,2021-11-01
2121,tholor,high,2021-12-01
2130,tholor,high,2020-10-01
2133,tholor,high,2021-03-01
2138,tholor,high,2022-01-01
2139,tholor,high,2021-02-01
2141,tholor,high,2022-02-01
2155,tholor,high,2021-07-01
2179,tholor,high,2020-11-01
2183,tholor,high,2020-07-01
2200,tholor,high,2020-05-01
2217,tholor,high,2020-12-01
2377,tholor,high,2020-04-01
2821,tholor,high,2020-06-01
2964,tholor,high,2020-03-01
3008,tholor,high,2020-01-01
3009,shreyanssethi,low,2022-08-01
3010,Unn20,low,2022-09-01
3012,Unn20,low,2022-08-01
3014,creatorrr,low,2022-10-01
3017,bobvanluijt,low,2022-10-01
3019,bobvanluijt,low,2022-03-01
3020,etiennedi,low,2022-10-01
3021,brunnurs,low,2022-09-01
3022,jamescalam,low,2022-10-01
3023,jamescalam,low,2022-06-01
3024,jamescalam,low,2022-08-01
3029,jamescalam,low,2022-07-01
3031,jamescalam,low,2022-05-01
3033,fpingham,low,2022-06-01
3035,avijit9,low,2022-09-01
3036,Akshayextreme,low,2022-10-01
3037,youxingtian,low,2022-10-01
3038,youxingtian,low,2021-10-01
3039,youxingtian,low,2021-11-01
3044,youxingtian,low,2021-07-01
3046,giguru,low,2021-03-01
3048,giguru,low,2021-05-01
3051,giguru,low,2021-07-01
3052,giguru,low,2021-10-01
3053,MuatazMohammed,low,2022-10-01
3054,AJ0287377,low,2022-10-01
3055,laifuchicago,low,2020-02-01
3057,laifuchicago,low,2020-10-01
3058,laifuchicago,low,2020-09-01
3060,laifuchicago,low,2020-08-01
3061,laifuchicago,low,2020-07-01
3068,laifuchicago,low,2020-04-01
3070,jyotikhetan,low,2021-10-01
3071,jyotikhetan,low,2021-08-01
3073,jyotikhetan,low,2021-09-01
3076,jaehyeongAN,low,2021-11-01
3077,jaehyeongAN,low,2022-10-01
3078,jaehyeongAN,low,2022-02-01
3088,chicuong209,low,2022-10-01
3089,mathislucka,low,2022-10-01
3090,mathislucka,low,2022-08-01
3091,mathislucka,low,2022-07-01
3095,mathislucka,low,2022-02-01
3097,mathislucka,low,2022-06-01
3098,mathislucka,low,2022-05-01
3101,mathislucka,low,2022-04-01
3124,mathislucka,low,2022-01-01
3130,mathislucka,low,2021-10-01
3131,mathislucka,low,2021-08-01
3135,mathislucka,low,2021-09-01
3136,JacdDev,low,2022-09-01
3137,JacdDev,low,2022-10-01
3138,chintanshrinath,low,2022-09-01
3139,chintanshrinath,low,2022-10-01
3140,bappctl,low,2021-05-01
3147,bappctl,low,2021-06-01
3148,bappctl,low,2021-07-01
3155,bappctl,low,2021-04-01
3160,oryx1729,low,2021-05-01
3163,oryx1729,low,2021-06-01
3164,oryx1729,low,2021-07-01
3168,oryx1729,low,2021-09-01
3171,oryx1729,low,2022-06-01
3173,oryx1729,low,2021-10-01
3185,oryx1729,low,2021-03-01
3186,oryx1729,low,2021-08-01
3218,oryx1729,low,2021-04-01
3246,oryx1729,low,2021-02-01
3247,clharman,low,2022-09-01
3250,mattkallo,low,2022-10-01
3251,sud0x00,low,2022-10-01
3252,mumtazcem,low,2022-01-01
3254,mumtazcem,low,2022-03-01
3256,MichelBartels,low,2022-01-01
3257,MichelBartels,low,2022-09-01
3258,MichelBartels,low,2022-07-01
3261,MichelBartels,low,2022-06-01
3263,MichelBartels,low,2022-05-01
3264,MichelBartels,low,2022-02-01
3265,MichelBartels,low,2022-03-01
3275,MichelBartels,low,2021-12-01
3278,PierFio,low,2022-10-01
3279,lalitpagaria,mid,2021-07-01
3282,lalitpagaria,mid,2021-12-01
3283,lalitpagaria,mid,2022-01-01
3284,lalitpagaria,mid,2022-09-01
3286,lalitpagaria,mid,2021-04-01
3287,lalitpagaria,mid,2021-01-01
3289,lalitpagaria,mid,2022-04-01
3291,lalitpagaria,mid,2021-06-01
3295,lalitpagaria,mid,2021-03-01
3297,lalitpagaria,mid,2021-05-01
3300,lalitpagaria,mid,2021-09-01
3317,lalitpagaria,mid,2020-11-01
3318,lalitpagaria,mid,2021-10-01
3332,lalitpagaria,mid,2021-02-01
3334,lalitpagaria,mid,2021-08-01
3342,lalitpagaria,mid,2020-09-01
3359,lalitpagaria,mid,2020-12-01
3409,lalitpagaria,mid,2020-10-01
3479,HeChengHui,low,2021-07-01
3488,HeChengHui,low,2021-08-01
3495,HeChengHui,low,2021-06-01
3500,mingfang,low,2022-09-01
3501,Taekyoon,low,2021-12-01
3502,Taekyoon,low,2022-01-01
3504,fpservant,low,2022-02-01
3507,adieyal,low,2022-07-01
3509,Namoush,low,2022-08-01
3510,Namoush,low,2022-09-01
3511,tanaysoni,mid,2020-11-01
3513,tanaysoni,mid,2020-07-01
3514,tanaysoni,mid,2020-08-01
3516,tanaysoni,mid,2020-03-01
3519,tanaysoni,mid,2020-04-01
3521,tanaysoni,mid,2020-06-01
3523,tanaysoni,mid,2021-02-01
3524,tanaysoni,mid,2020-09-01
3530,tanaysoni,mid,2021-01-01
3547,tanaysoni,mid,2020-12-01
3567,tanaysoni,mid,2020-10-01
3588,tanaysoni,mid,2020-05-01
3657,tanaysoni,mid,2020-02-01
3659,kadzaki,low,2020-11-01
3660,stale[bot],low,2021-03-01
3661,stale[bot],low,2021-07-01
3662,stale[bot],low,2021-05-01
3663,stale[bot],low,2021-08-01
3664,stale[bot],low,2021-06-01
3667,stale[bot],low,2020-07-01
3670,stale[bot],low,2021-04-01
3687,stale[bot],low,2020-11-01
3698,stale[bot],low,2021-01-01
3706,stale[bot],low,2020-12-01
3712,stale[bot],low,2020-08-01
3714,stale[bot],low,2020-06-01
3715,nishithbenhur,low,2020-07-01
3716,nishithbenhur,low,2020-08-01
3717,sunbc0120,low,2022-09-01
3718,0-hero,low,2022-08-01
3719,ErikJSchmidt,low,2022-09-01
3720,NoelBird,low,2022-09-01
3721,kalki7,low,2022-08-01
3723,kalki7,low,2022-09-01
3725,balarampatcha,low,2022-06-01
3728,Youmna-H,low,2022-09-01
3730,Youmna-H,low,2022-08-01
3733,sridhar,low,2022-07-01
3734,TuanaCelik,low,2022-08-01
3743,TuanaCelik,low,2022-03-01
3745,TuanaCelik,low,2022-05-01
3759,kubami,low,2022-05-01
3761,kubami,low,2022-06-01
3762,kmcleste,low,2022-06-01
3763,yuanwu2017,low,2022-09-01
3766,yuanwu2017,low,2022-06-01
3771,ahsantfw,low,2021-09-01
3772,Winterflower,low,2022-08-01
3773,carolzbnbr,low,2022-09-01
3775,Nakkhatra,low,2022-01-01
3776,leonardlin,low,2022-09-01
3777,UmarEm,low,2022-08-01
3778,UmarEm,low,2022-07-01
3779,aditya-malte,low,2022-07-01
3780,aditya-malte,low,2022-06-01
3781,yli223,low,2022-07-01
3782,bilalsattar,low,2022-08-01
3783,lllAlexanderlll,low,2022-02-01
3784,einarbmag,low,2022-08-01
3785,arbDEVbest,low,2022-08-01
3787,zoltan-fedor,low,2022-08-01
3789,zoltan-fedor,low,2022-07-01
3794,thenewera-ru,low,2021-05-01
3795,thenewera-ru,low,2021-03-01
3797,thenewera-ru,low,2021-02-01
3802,thenewera-ru,low,2021-01-01
3803,Krak91,low,2022-06-01
3804,Krak91,low,2022-01-01
3806,Krak91,low,2022-02-01
3807,Krak91,low,2021-11-01
3808,Krak91,low,2021-09-01
3810,Krak91,low,2020-07-01
3813,Krak91,low,2020-09-01
3817,Krak91,low,2020-08-01
3820,pratikkotian04,low,2022-05-01
3821,pratikkotian04,low,2022-06-01
3823,pratikkotian04,low,2022-04-01
3825,Parathantl,low,2022-07-01
3826,Yafaa,low,2022-07-01
3827,Yafaa,low,2022-06-01
3831,Yafaa,low,2022-05-01
3833,Yafaa,low,2022-04-01
3835,Nivetha-KS,low,2022-06-01
3837,thecatinbox,low,2022-06-01
3838,thecatinbox,low,2022-05-01
3840,predoctech,low,2022-08-01
3844,predoctech,low,2021-08-01
3846,predoctech,low,2021-09-01
3847,predoctech,low,2021-03-01
3848,predoctech,low,2021-04-01
3849,predoctech,low,2020-06-01
3853,predoctech,low,2020-07-01
3854,predoctech,low,2020-05-01
3867,tanertopal,low,2022-08-01
3868,neo-alex,low,2022-03-01
3869,baregawi,low,2022-07-01
3871,baregawi,low,2022-01-01
3875,baregawi,low,2022-02-01
3884,dmigo,low,2022-07-01
3887,dmigo,low,2022-01-01
3889,dmigo,low,2021-12-01
3890,marsaandari,low,2022-06-01
3892,Zaker237,low,2022-08-01
3894,kaixuanliu,low,2022-07-01
3896,kaixuanliu,low,2022-08-01
3897,jstremme,low,2022-07-01
3898,erenaldis,low,2022-07-01
3899,bradyneal,low,2022-04-01
3900,bradyneal,low,2021-11-01
3901,bradyneal,low,2022-05-01
3904,shamweelm,low,2022-05-01
3905,roscazo,low,2022-07-01
3906,Pavithree,low,2022-07-01
3909,SjSnowball,low,2022-01-01
3910,SjSnowball,low,2022-03-01
3914,SjSnowball,low,2021-12-01
3916,SjSnowball,low,2021-10-01
3919,SjSnowball,low,2021-01-01
3921,ottozastrow,low,2022-07-01
3925,FabianHertwig,low,2022-05-01
3928,FabianHertwig,low,2022-04-01
3930,t-charura,low,2022-03-01
3931,GiannisKitsos,low,2022-05-01
3932,GiannisKitsos,low,2022-03-01
3934,kekayan,low,2022-07-01
3937,akashmittal18,low,2022-07-01
3939,jonas-nothnagel,low,2022-07-01
3940,jonas-nothnagel,low,2020-09-01
3941,jonas-nothnagel,low,2020-10-01
3942,jpoisso,low,2022-07-01
3943,azetoy,low,2022-07-01
3944,jacksbox,low,2022-03-01
3945,deutschmn,low,2022-05-01
3946,nishanthcgit,low,2021-12-01
3948,nishanthcgit,low,2021-11-01
3951,Threepointone4,low,2021-11-01
3955,Threepointone4,low,2022-02-01
3958,Threepointone4,low,2022-03-01
3962,Threepointone4,low,2021-09-01
3963,Threepointone4,low,2020-11-01
3964,Threepointone4,low,2021-07-01
3971,Threepointone4,low,2021-05-01
3983,Threepointone4,low,2021-06-01
3986,Threepointone4,low,2020-12-01
3991,lokesh-ism,low,2022-06-01
3992,maxupp,low,2021-11-01
3993,maxupp,low,2020-09-01
3994,maxupp,low,2020-11-01
4004,akkefa,low,2021-12-01
4005,akkefa,low,2021-07-01
4007,akkefa,low,2021-05-01
4009,akkefa,low,2021-06-01
4013,akkefa,low,2021-08-01
4014,akkefa,low,2021-09-01
4034,moravveji,low,2022-06-01
4035,ArzelaAscoIi,low,2022-06-01
4036,ArzelaAscoIi,low,2022-03-01
4038,ArzelaAscoIi,low,2022-04-01
4041,krishanud,low,2021-01-01
4045,igaloly,low,2022-05-01
4046,KMstealth,low,2022-05-01
4047,sML-90,low,2021-09-01
4048,sML-90,low,2021-10-01
4049,ehsanVIP,low,2021-08-01
4050,ehsanVIP,low,2022-04-01
4051,yusufsamsum,low,2021-08-01
4052,AI-Ahmed,low,2022-05-01
4053,AI-Ahmed,low,2022-04-01
4060,AI-Ahmed,low,2022-03-01
4068,Raldir,low,2021-05-01
4069,shahrukhx01,low,2021-09-01
4072,shahrukhx01,low,2021-06-01
4078,shahrukhx01,low,2021-08-01
4085,shahrukhx01,low,2021-05-01
4087,tvaisanen,low,2021-11-01
4089,Neuromancer24,low,2022-06-01
4090,ilseva,low,2022-05-01
4092,ilseva,low,2022-02-01
4094,amena-koi,low,2021-11-01
4098,AryanPatke,low,2022-04-01
4101,NajiAboo,low,2022-06-01
4103,jacobceles,low,2022-06-01
4107,kishuneelavara,low,2022-06-01
4108,HighDeFing,low,2022-05-01
4112,HighDeFing,low,2022-04-01
4113,HighDeFing,low,2022-03-01
4120,HighDeFing,low,2021-06-01
4121,HighDeFing,low,2021-07-01
4127,HighDeFing,low,2021-08-01
4128,HighDeFing,low,2021-04-01
4129,PiffPaffM,low,2022-05-01
4130,PiffPaffM,low,2022-02-01
4132,PiffPaffM,low,2020-11-01
4133,PiffPaffM,low,2021-08-01
4134,PiffPaffM,low,2021-09-01
4136,PiffPaffM,low,2021-03-01
4138,PiffPaffM,low,2021-04-01
4143,PiffPaffM,low,2020-10-01
4146,albertovilla,low,2021-12-01
4153,gkogan,low,2021-12-01
4154,karndeepsingh,low,2022-02-01
4156,karndeepsingh,low,2022-03-01
4167,racheltlw,low,2022-02-01
4169,racheltlw,low,2022-03-01
4170,racheltlw,low,2022-05-01
4174,AbhiPawar5,low,2022-01-01
4175,AbhiPawar5,low,2022-02-01
4184,afiqmuzaffar,low,2022-01-01
4185,alankashkash,low,2022-02-01
4187,xiaofan-luan,low,2022-03-01
4189,skp-1997,low,2022-05-01
4190,ShabRa1365,low,2022-04-01
4192,ShabRa1365,low,2022-05-01
4197,xiaoymin,low,2022-04-01
4198,gavishpoddar,low,2021-06-01
4200,hyunsir,low,2022-05-01
4202,antonyjoseph46,low,2022-05-01
4207,NeuroinformaticaFBF,low,2022-03-01
4210,NeuroinformaticaFBF,low,2022-05-01
4211,aruroyc,low,2022-04-01
4212,aruroyc,low,2022-05-01
4213,d-e-h-i-o,low,2022-03-01
4214,d-e-h-i-o,low,2022-04-01
4215,wentaoxandry,low,2022-05-01
4216,sainivedh19pt,low,2022-05-01
4217,ju-gu,low,2022-04-01
4219,ju-gu,low,2022-02-01
4221,ju-gu,low,2022-01-01
4222,gokul427,low,2022-04-01
4224,dkamalakar,low,2020-10-01
4227,RobinVds,low,2022-02-01
4228,ajay-pyatha,low,2022-04-01
4229,ChrisS2812,low,2022-04-01
4230,gabriead,low,2022-04-01
4231,stefanqx,low,2022-04-01
4236,adri1wald,low,2022-02-01
4238,Omarnabk,low,2021-10-01
4239,Omarnabk,low,2022-01-01
4241,Omarnabk,low,2021-12-01
4251,MariamDundua,low,2021-10-01
4253,entzyeung,low,2022-04-01
4254,RizoanunNasa,low,2022-01-01
4255,hdvvip,low,2022-04-01
4259,fvanlitsenburg,low,2022-02-01
4261,fvanlitsenburg,low,2022-03-01
4262,LoicDagnas,low,2022-04-01
4263,mpangrazzi,low,2022-03-01
4265,pk1130,low,2021-10-01
4266,laura-ham,low,2022-03-01
4267,StefanBogdan,low,2022-03-01
4268,cdpwest,low,2022-03-01
4271,pcollege,low,2022-03-01
4274,Riya-lalwani,low,2022-03-01
4275,venuraja79,low,2021-02-01
4276,venuraja79,low,2021-03-01
4278,venuraja79,low,2022-01-01
4279,venuraja79,low,2021-04-01
4280,venuraja79,low,2021-05-01
4283,venuraja79,low,2021-06-01
4289,venuraja79,low,2020-08-01
4292,gbennett71,low,2021-03-01
4293,Luuk99,low,2021-09-01
4294,bhavsarpratik,low,2021-09-01
4295,radhakrishr36,low,2022-03-01
4296,LukasFides,low,2022-03-01
4297,GOURAVSUMAN,low,2022-03-01
4299,OmniscienceAcademy,low,2022-02-01
4304,OmniscienceAcademy,low,2022-03-01
4305,AhmedIdr,low,2022-02-01
4306,AhmedIdr,low,2021-11-01
4307,AhmedIdr,low,2022-01-01
4309,thimo72,low,2022-03-01
4314,ozyurtf,low,2022-03-01
4319,ozyurtf,low,2022-02-01
4322,devendrapal5755,low,2022-03-01
4324,arater,low,2022-03-01
4326,arater,low,2022-02-01
4327,arater,low,2022-01-01
4332,arater,low,2021-12-01
4340,ajay-sreeram,low,2022-03-01
4341,GerryFerdinandus,low,2022-02-01
4342,xloem,low,2022-02-01
4343,xloem,low,2022-03-01
4344,kingafy,low,2022-01-01
4346,scibite-oliverg,low,2022-02-01
4349,scibite-oliverg,low,2021-11-01
4350,leeivan,low,2022-03-01
4351,Elfilali-Taoufiq,low,2022-02-01
4354,apohllo,low,2022-02-01
4355,apohllo,low,2021-12-01
4356,skyNagarro,low,2022-02-01
4357,guillim,low,2020-11-01
4358,guillim,low,2021-06-01
4359,guillim,low,2021-07-01
4361,guillim,low,2021-04-01
4370,guillim,low,2021-05-01
4374,guillim,low,2020-09-01
4381,guillim,low,2020-07-01
4382,guillim,low,2020-10-01
4396,guillim,low,2020-06-01
4398,sasaadi,low,2021-11-01
4399,sasaadi,low,2021-12-01
4400,sasaadi,low,2022-01-01
4402,rubanrajdavidwl,low,2022-02-01
4403,shuaichengli0428,low,2022-02-01
4404,RockMiin,low,2022-02-01
4405,doh10002,low,2022-01-01
4406,doh10002,low,2021-11-01
4407,doh10002,low,2021-04-01
4409,doh10002,low,2020-09-01
4410,doh10002,low,2020-10-01
4411,alioz1967,low,2022-02-01
4414,SAIVENKATARAJU,low,2022-01-01
4417,SAIVENKATARAJU,low,2022-02-01
4418,SAIVENKATARAJU,low,2021-07-01
4420,SAIVENKATARAJU,low,2021-08-01
4426,SAIVENKATARAJU,low,2021-06-01
4431,SAIVENKATARAJU,low,2021-05-01
4437,AybarsManav,low,2022-02-01
4440,sophgit,low,2021-05-01
4442,sophgit,low,2021-04-01
4444,sophgit,low,2021-02-01
4450,sophgit,low,2020-12-01
4452,sophgit,low,2020-11-01
4453,SasikiranJ,low,2021-05-01
4456,SasikiranJ,low,2022-02-01
4459,SasikiranJ,low,2021-02-01
4460,SasikiranJ,low,2021-01-01
4462,TobiasFutureLabs,low,2022-01-01
4463,TobiasFutureLabs,low,2022-02-01
4465,yorickvanzweeden,low,2022-01-01
4466,yorickvanzweeden,low,2021-12-01
4469,roebbert92,low,2021-12-01
4470,jhyuklee,low,2021-11-01
4471,jhyuklee,low,2022-01-01
4474,LorenzBuehmann,low,2021-12-01
4477,hugoperrin,low,2022-01-01
4478,hugoperrin,low,2021-11-01
4479,Cazual,low,2022-01-01
4481,tarhann,low,2021-11-01
4482,Arnavmishra219,low,2021-11-01
4483,awilsonTorch,low,2021-11-01
4484,Mukalingam,low,2021-11-01
4485,PhilipMay,low,2022-01-01
4486,akmalmasud96,low,2021-12-01
4487,akmalmasud96,low,2022-01-01
4493,mapapa,low,2022-01-01
4496,mapapa,low,2021-11-01
4497,robertaistleitner,low,2022-01-01
4498,mathew55,low,2021-12-01
4500,nisrj10,low,2021-08-01
4506,kormoczi,low,2022-01-01
4508,monika1800,low,2021-07-01
4513,monika1800,low,2021-06-01
4520,grahamschuckman,low,2021-10-01
4524,eldhoittangeorge,low,2022-01-01
4525,jenka13all,low,2021-09-01
4527,jenka13all,low,2021-07-01
4529,jenka13all,low,2021-06-01
4530,FarhatAdam,low,2021-07-01
4532,rgex,low,2021-08-01
4533,dominiqueblok,low,2021-12-01
4535,pandemosth,low,2021-10-01
4536,pallie97,low,2021-12-01
4538,pallie97,low,2021-10-01
4539,fadi212,low,2021-12-01
4541,chaalic,low,2021-12-01
4543,chaalic,low,2021-11-01
4544,ierezell,low,2021-03-01
4546,ierezell,low,2021-10-01
4547,ierezell,low,2021-02-01
4551,ierezell,low,2020-05-01
4553,StoyanVenDimitrov,low,2021-12-01
4557,fabiola,low,2021-12-01
4560,shainaraza,low,2021-12-01
4564,flozi00,low,2020-11-01
4566,flozi00,low,2020-09-01
4568,flozi00,low,2020-10-01
4569,amotl,low,2021-12-01
4570,fcakyon,low,2021-11-01
4571,fcakyon,low,2021-12-01
4572,anirbansaha96,low,2020-07-01
4585,anirbansaha96,low,2020-12-01
4590,anirbansaha96,low,2020-08-01
4620,anirbansaha96,low,2020-06-01
4621,SubhransuSekharBhattacharjee-01,low,2021-12-01
4622,rpaletes,low,2021-12-01
4626,angelopf,low,2021-12-01
4627,angelopf,low,2021-05-01
4628,angelopf,low,2021-06-01
4629,angelopf,low,2021-11-01
4633,angelopf,low,2021-10-01
4638,angelopf,low,2021-09-01
4642,angelopf,low,2021-04-01
4643,osmanshaikhSystemsltd,low,2021-04-01
4646,osmanshaikhSystemsltd,low,2021-05-01
4647,ArminBaz,low,2021-12-01
4648,stphnthiel,low,2021-11-01
4650,stphnthiel,low,2021-12-01
4651,stphnthiel,low,2021-07-01
4654,stphnthiel,low,2021-06-01
4656,cvgoudar,low,2021-11-01
4670,cvgoudar,low,2021-09-01
4679,cvgoudar,low,2021-06-01
4683,cvgoudar,low,2021-07-01
4696,lawliet19189,low,2021-11-01
4697,VinayChaudhari1996,low,2021-11-01
4698,hanxiao,low,2021-03-01
4699,jhillhouse92,low,2021-11-01
4700,maxjeblick,low,2021-11-01
4701,maxjeblick,low,2021-09-01
4702,lambdaofgod,low,2021-11-01
4704,gak97,low,2021-11-01
4707,gak97,low,2021-10-01
4711,iravkr,low,2021-11-01
4713,Harshit1011,low,2021-10-01
4716,Harshit1011,low,2021-08-01
4719,karimjp,low,2020-08-01
4720,karimjp,low,2020-11-01
4724,JurajMa,low,2021-11-01
4727,ErenChan,low,2021-11-01
4728,zshnhaque,low,2020-09-01
4729,zshnhaque,low,2020-12-01
4731,zshnhaque,low,2020-11-01
4736,zshnhaque,low,2020-10-01
4738,zshnhaque,low,2020-08-01
4745,kumaranil02,low,2020-11-01
4746,VerrenRatanaP,low,2021-11-01
4747,advaitdeshmukh,low,2021-10-01
4748,advaitdeshmukh,low,2021-09-01
4753,fingoldo,low,2021-09-01
4755,fingoldo,low,2021-10-01
4773,SaffronWolf,low,2021-10-01
4775,aakar-007,low,2021-10-01
4777,VaibhavDS19,low,2021-09-01
4779,VaibhavDS19,low,2021-10-01
4781,cregouby,low,2021-04-01
4783,MichaelBitard,low,2021-07-01
4786,oborchers,low,2021-07-01
4789,ajainvivek,low,2021-09-01
4792,LarsAC,low,2021-08-01
4796,LarsAC,low,2021-05-01
4798,RiccardoTOTI,low,2021-10-01
4800,balaji-ranga,low,2020-12-01
4801,ZenMoore,low,2021-10-01
4802,svanschalkwyk,low,2021-10-01
4805,CandiceYu8,low,2021-10-01
4806,ZYuliang,low,2021-10-01
4807,JH95-ai,low,2021-08-01
4809,yingzwang,low,2021-09-01
4814,XingYiBao,low,2021-09-01
4816,XingYiBao,low,2021-10-01
4820,Maheshkumar094,low,2021-09-01
4821,Maheshkumar094,low,2021-10-01
4824,pradeepram80,low,2021-09-01
4826,thegrojas,low,2021-09-01
4829,aantti,low,2021-09-01
4830,aantti,low,2021-10-01
4831,imvetri,low,2021-09-01
4832,pjchungmd,low,2021-08-01
4833,mhamdan91,low,2021-10-01
4834,Nahid-tjk,low,2021-10-01
4835,vwoloszyn,low,2021-09-01
4837,ankh6,low,2021-02-01
4838,ankh6,low,2021-03-01
4840,sarthakj2109,low,2021-08-01
4844,ahotrod,low,2020-03-01
4845,ahotrod,low,2020-04-01
4847,ahotrod,low,2020-05-01
4849,ahotrod,low,2020-07-01
4850,ahotrod,low,2020-09-01
4853,ahotrod,low,2020-10-01
4858,ahotrod,low,2020-02-01
4868,raphychek,low,2021-10-01
4870,anurag89sharma,low,2021-09-01
4872,AymericSallet,low,2021-06-01
4873,AymericSallet,low,2021-05-01
4876,JackHopkins,low,2021-07-01
4877,datalee,low,2021-01-01
4882,datalee,low,2021-04-01
4884,datalee,low,2021-02-01
4886,snat1505027,low,2021-01-01
4890,voidful,low,2021-03-01
4894,voidful,low,2021-02-01
4901,kruthikakr,low,2021-03-01
4904,kruthikakr,low,2021-04-01
4906,kruthikakr,low,2021-05-01
4912,mrusic,low,2021-05-01
4913,ftesser,low,2021-05-01
4916,violetcodes,low,2020-10-01
4917,Weilin37,low,2020-11-01
4919,Weilin37,low,2020-10-01
4924,Weilin37,low,2020-09-01
4928,AzureAlph,low,2020-11-01
4931,harikc456,low,2021-02-01
4932,benscottie,low,2021-03-01
4933,benscottie,low,2021-04-01
4935,mlokendra,low,2021-09-01
4938,sekh77,low,2021-09-01
4939,AseelAlshorafa,low,2021-09-01
4941,MaviccPRP,low,2021-09-01
4942,doanthienthuan,low,2020-11-01
4944,youngfish42,low,2021-09-01
4945,aqsa27,low,2021-09-01
4947,aqsa27,low,2021-05-01
4949,aqsa27,low,2021-03-01
4951,EpicOne1,low,2021-09-01
4952,DARK-art108,low,2021-08-01
4953,windowshopr,low,2021-09-01
4959,Rajmehta123,low,2021-09-01
4960,Rishabhraghwendra18,low,2021-02-01
4964,tomgun132,low,2021-02-01
4965,tomgun132,low,2021-03-01
4966,prasunanand,low,2021-03-01
4969,Petitbonzai31,low,2021-03-01
4970,Petitbonzai31,low,2021-01-01
4973,Petitbonzai31,low,2021-02-01
4981,Rob192,low,2021-04-01
4982,Rob192,low,2021-02-01
4984,Rob192,low,2021-01-01
4988,Zajano,low,2021-08-01
4989,shihabrashid-ucr,low,2021-08-01
4990,calderma,low,2021-07-01
4992,calderma,low,2021-09-01
4993,calderma,low,2021-06-01
4998,gianlucabusatta,low,2021-09-01
5001,hammer,low,2021-09-01
5005,sergeyf,low,2021-07-01
5008,sergeyf,low,2021-09-01
5009,bhadreshpsavani,low,2021-08-01
5010,bhadreshpsavani,low,2021-06-01
5011,bhadreshpsavani,low,2021-04-01
5015,bhadreshpsavani,low,2021-05-01
5017,vietanhdang,low,2021-08-01
5022,ramgarg102,low,2021-08-01
5023,NormanLYJ,low,2021-08-01
5024,205g0,low,2021-01-01
5025,sadakmed,low,2020-12-01
5026,sadakmed,low,2021-03-01
5027,sadakmed,low,2021-04-01
5029,sadakmed,low,2020-09-01
5031,antoniolanza1996,low,2021-01-01
5032,antoniolanza1996,low,2020-08-01
5036,antoniolanza1996,low,2020-09-01
5038,antoniolanza1996,low,2020-11-01
5052,antoniolanza1996,low,2020-07-01
5054,antoniolanza1996,low,2020-12-01
5055,antoniolanza1996,low,2020-10-01
5086,sriprad,low,2021-08-01
5090,chrk623,low,2021-08-01
5091,zbrnwpu,low,2021-07-01
5092,VETURISRIRAM,low,2021-06-01
5093,Utomo88,low,2020-07-01
5096,Utomo88,low,2020-11-01
5097,Utomo88,low,2020-08-01
5098,Utomo88,low,2021-02-01
5099,Utomo88,low,2021-01-01
5100,Utomo88,low,2020-06-01
5107,dfhssilva,low,2021-06-01
5108,dfhssilva,low,2021-07-01
5109,srevinsaju,low,2021-07-01
5111,x110,low,2021-07-01
5112,AntonioLopardo,low,2021-07-01
5114,guillaumecherel,low,2021-07-01
5118,rremani,low,2021-06-01
5119,rremani,low,2021-07-01
5120,krzim,low,2021-07-01
5121,mchari,low,2020-11-01
5129,mchari,low,2020-12-01
5131,mchari,low,2020-10-01
5145,mchari,low,2020-09-01
5151,mchari,low,2020-08-01
5152,prafgup,low,2021-07-01
5153,clarahohohoho,low,2021-07-01
5158,wolfsbane9513,low,2021-07-01
5159,wolfsbane9513,low,2021-06-01
5161,edanweis,low,2021-07-01
5162,shrinivasait,low,2021-07-01
5166,ivanmkc,low,2021-07-01
5168,dktemp888,low,2021-07-01
5170,Prabhav55221,low,2021-06-01
5171,Prabhav55221,low,2021-05-01
5175,Always-prog,low,2021-06-01
5176,adjouama,low,2021-06-01
5177,adjouama,low,2021-02-01
5178,INF800,low,2021-06-01
5179,bsathish11,low,2021-05-01
5184,JakubPatrik,low,2021-06-01
5185,stefanondisponibile,low,2021-05-01
5186,stefanondisponibile,low,2020-11-01
5188,stefanondisponibile,low,2020-12-01
5191,stefanondisponibile,low,2021-01-01
5194,liquidcowgithu,low,2021-06-01
5197,lewtun,low,2021-04-01
5199,lewtun,low,2021-03-01
5201,lewtun,low,2021-06-01
5204,psorianom,low,2021-05-01
5205,psorianom,low,2021-06-01
5206,psorianom,low,2021-01-01
5210,shamanez,low,2021-06-01
5211,gauthamn-vuram,low,2021-02-01
5212,LivingDeadCloud,low,2021-03-01
5214,ngoel17,low,2021-02-01
5215,ngoel17,low,2021-01-01
5219,nyxpho,low,2021-04-01
5221,pascalhuszar,low,2021-05-01
5224,AlviseSembenico,low,2021-05-01
5227,raghav-menon,low,2021-05-01
5229,vteja11,low,2021-05-01
5233,jqJordan,low,2021-05-01
5234,F95GIT,low,2021-04-01
5235,HerrKrishna,low,2021-05-01
5236,prtk1910,low,2021-04-01
5240,AMChierici,low,2021-01-01
5241,AMChierici,low,2021-02-01
5243,arnabhik,low,2021-04-01
5245,ynusinovich,low,2021-02-01
5246,giuliodz,low,2021-03-01
5251,khadkechetan,low,2021-05-01
5252,UmerTariq1,low,2021-03-01
5253,UmerTariq1,low,2021-04-01
5257,ufert,low,2021-05-01
5258,samehfrihat,low,2021-05-01
5260,MathiasKrill,low,2021-05-01
5261,MathiasKrill,low,2021-04-01
5268,MathiasKrill,low,2021-03-01
5271,MathiasKrill,low,2021-02-01
5273,sathish1357,low,2021-05-01
5274,DCRepublic,low,2021-04-01
5276,DCRepublic,low,2021-05-01
5277,azseza,low,2021-05-01
5278,BNkosi,low,2020-09-01
5280,BNkosi,low,2021-01-01
5281,xavierdurawa,low,2021-04-01
5283,xavierdurawa,low,2021-05-01
5284,DanielGlickmanTAU,low,2021-04-01
5286,DanielGlickmanTAU,low,2021-03-01
5287,kandloic,low,2020-08-01
5295,sathish346,low,2021-04-01
5297,SiddeshSambasivam,low,2021-04-01
5298,pbs-htech,low,2020-11-01
5299,adithyaan-creator,low,2021-01-01
5300,sanyogthescholar,low,2021-04-01
5302,RicardoLuisAraujo,low,2021-04-01
5303,Armbruj,low,2021-03-01
5306,Armbruj,low,2021-04-01
5310,Sputniza,low,2021-04-01
5312,Graduo,low,2021-03-01
5314,Graduo,low,2021-04-01
5329,aaronbriel,low,2020-09-01
5331,aaronbriel,low,2020-10-01
5333,aaronbriel,low,2021-03-01
5345,alex-ji-repo,low,2021-04-01
5347,ritvik1512,low,2020-11-01
5348,jdagdelen,low,2021-04-01
5349,jachicaiza,low,2021-04-01
5352,yadavpp,low,2021-02-01
5354,mainadwitiya,low,2020-10-01
5356,mainadwitiya,low,2020-12-01
5358,mainadwitiya,low,2021-01-01
5360,rhasan,low,2021-04-01
5362,piecurus,low,2021-04-01
5363,Afrisson,low,2021-04-01
5365,clotildemiura,low,2021-03-01
5367,nreimers,low,2021-03-01
5368,gabinguo,low,2021-03-01
5369,gabinguo,low,2020-12-01
5370,gabinguo,low,2021-01-01
5373,ilbagov,low,2021-03-01
5375,peteradorjan,low,2021-03-01
5377,pervrosen,low,2021-03-01
5381,leobaumgardt,low,2021-03-01
5383,chingfhen,low,2021-03-01
5387,Akash2021,low,2021-02-01
5388,DIVYA-19,low,2021-01-01
5392,bluetek,low,2021-02-01
5393,nmstoker,low,2021-03-01
5394,Viveka-S,low,2021-02-01
5395,Viveka-S,low,2021-03-01
5396,azeemhusain811,low,2021-02-01
5399,azeemhusain811,low,2021-03-01
5401,chaozy,low,2021-02-01
5402,chaozy,low,2021-03-01
5403,chaozy,low,2021-01-01
5406,ljak,low,2021-02-01
5407,tgalery,low,2021-02-01
5408,dg4271,low,2021-02-01
5409,dg4271,low,2021-01-01
5411,gevezex,low,2021-02-01
5412,mrtunguyen,low,2021-02-01
5413,prathameshk,low,2021-02-01
5414,erikinfo,low,2021-02-01
5416,m1kol,low,2021-02-01
5418,ScottishFold007,low,2021-02-01
5419,renanyudimt,low,2021-02-01
5422,JamesLawton,low,2021-02-01
5423,AC-29,low,2020-07-01
5426,ghost,low,2021-01-01
5427,vinchg,low,2020-11-01
5428,vinchg,low,2021-01-01
5429,Arunast2812,low,2020-11-01
5432,Arunast2812,low,2020-12-01
5434,KVSAkhilesh,low,2021-01-01
5436,vdandenault,low,2021-01-01
5437,Victor7095,low,2021-01-01
5440,tanmaylaud,low,2020-12-01
5443,demarant,low,2020-12-01
5444,Gourav-infobiz,low,2020-12-01
5452,Freemanlabs,low,2020-11-01
5458,Freemanlabs,low,2020-12-01
5467,elyase,low,2020-11-01
5470,elyase,low,2020-10-01
5471,elyase,low,2020-09-01
5472,LouisDuverneuil,low,2021-01-01
5475,pradeepdev-1995,low,2020-12-01
5481,juan541,low,2020-12-01
5487,su2twtbridge,low,2020-12-01
5488,nsankar,low,2020-12-01
5489,nsankar,low,2020-10-01
5491,nsankar,low,2020-09-01
5493,nsankar,low,2020-07-01
5494,nsankar,low,2020-08-01
5510,sarahESL,low,2020-12-01
5512,aayush-gupta15,low,2020-12-01
5515,jmhdf586,low,2020-12-01
5516,nliu86,low,2020-11-01
5517,nliu86,low,2020-12-01
5519,alpaltnsy,low,2020-11-01
5524,Stefan-Pasch,low,2020-11-01
5525,sb2202,low,2020-10-01
5532,arilishu,low,2020-11-01
5536,x0rzkov,low,2020-11-01
5543,x0rzkov,low,2020-09-01
5544,sbhttchryy,low,2020-10-01
5547,sbhttchryy,low,2020-09-01
5548,sbhttchryy,low,2020-08-01
5549,sbhttchryy,low,2020-07-01
5555,cupcoder,low,2020-11-01
5556,kbrajwani,low,2020-11-01
5563,mathieudumayet,low,2020-11-01
5565,mathieudumayet,low,2020-10-01
5568,vsistla,low,2020-11-01
5569,iknoorjobs,low,2020-11-01
5572,Zenahr,low,2020-10-01
5577,DEEP2907,low,2020-07-01
5579,DEEP2907,low,2020-08-01
5580,swayson,low,2020-11-01
5582,khalidbhs,low,2020-10-01
5584,kuatroka,low,2020-10-01
5586,JulianGerhard21,low,2020-07-01
5589,compadrejavo,low,2020-10-01
5590,RaviTezu,low,2020-08-01
5591,antonioFlavio,low,2020-10-01
5593,dsvrsec,low,2020-09-01
5595,dsvrsec,low,2020-10-01
5596,samreenkazi,low,2020-08-01
5598,paraschopra,low,2020-10-01
5599,aggreybosire,low,2020-10-01
5601,kiet13,low,2020-10-01
5602,kiet13,low,2020-09-01
5603,arkdev9,low,2020-09-01
5606,vincentlux,low,2020-06-01
5607,deusex78,low,2020-09-01
5609,mongoose54,low,2020-08-01
5610,sonnylaskar,low,2020-05-01
5612,iMayK,low,2020-08-01
5613,iMayK,low,2020-09-01
5614,Ebi117,low,2020-09-01
5618,jatinvinkumar,low,2020-09-01
5619,jatinvinkumar,low,2020-06-01
5621,nicoFhahn,low,2020-08-01
5623,dany-nonstop,low,2020-07-01
5624,dany-nonstop,low,2020-08-01
5628,raman-r4334,low,2020-08-01
5631,usaraj,low,2020-08-01
5632,usaraj,low,2020-07-01
5635,bipinkc19,low,2020-08-01
5637,losiu97,low,2020-06-01
5638,losiu97,low,2020-07-01
5639,Xavantex,low,2020-07-01
5640,anetschka,low,2020-07-01
5642,skirdey,low,2020-05-01
5643,thiagomoeng,low,2020-05-01
5645,roderickwlucas,low,2020-07-01
5646,wells853,low,2020-06-01
5647,Arka01,low,2020-06-01
5648,F4r1n,low,2020-06-01
5651,ViktorAlm,low,2020-03-01
5652,mmortazavi,low,2020-03-01
5654,mmortazavi,low,2020-05-01
5656,mbachtell,low,2020-06-01
5660,ahmednasserswe,low,2020-06-01
5661,Rotario,low,2020-06-01
5662,thaisnang,low,2020-05-01
5666,patil-suraj,low,2020-04-01
5669,mansilla,low,2020-04-01
5673,borhenryk,low,2020-03-01
5674,borhenryk,low,2020-04-01
5676,sfakir,low,2020-04-01
5678,RobKnop,low,2020-02-01
5680,RobKnop,low,2020-03-01
5681,boralprophecy,low,2020-03-01
5682,M-Salti,low,2020-03-01
5683,aadil-srivastava01,low,2020-03-01
5684,keherri,low,2020-01-01
