id,name,stripped_name,target_commitish,created_at,published_at,author,link
90685430,4.13.3,4.13,4.x-dev,2023-01-30T13:16:00Z,2023-01-30T13:23:16Z,github-actions[bot],https://api.github.com/repos/matomo-org/matomo/releases/90685430
90229502,4.13.2,4.13,4.x-dev,2023-01-25T20:52:14Z,2023-01-25T21:03:34Z,github-actions[bot],https://api.github.com/repos/matomo-org/matomo/releases/90229502
89126034,4.13.1,4.13,4.x-dev,2023-01-12T00:54:02Z,2023-01-16T13:13:39Z,github-actions[bot],https://api.github.com/repos/matomo-org/matomo/releases/89126034
88521473,4.13.1-rc2,4.13,4.x-dev,2023-01-11T00:55:16Z,2023-01-11T01:00:34Z,github-actions[bot],https://api.github.com/repos/matomo-org/matomo/releases/88521473
88520657,4.13.1-rc1,4.13,4.x-dev,2023-01-11T00:38:43Z,2023-01-11T00:42:15Z,github-actions[bot],https://api.github.com/repos/matomo-org/matomo/releases/88520657
85371378,4.13.0,4.13,4.x-dev,2022-12-07T23:39:50Z,2022-12-07T23:46:05Z,github-actions[bot],https://api.github.com/repos/matomo-org/matomo/releases/85371378
84272749,4.13.0-rc2,4.13,4.x-dev,2022-11-25T01:18:26Z,2022-11-27T21:19:41Z,github-actions[bot],https://api.github.com/repos/matomo-org/matomo/releases/84272749
83191171,4.13.0-rc1,4.13,4.x-dev,2022-11-16T02:21:31Z,2022-11-16T02:25:53Z,github-actions[bot],https://api.github.com/repos/matomo-org/matomo/releases/83191171
81146447,4.12.3,4.12,4.x-dev,2022-10-27T03:42:13Z,2022-10-27T03:44:38Z,github-actions[bot],https://api.github.com/repos/matomo-org/matomo/releases/81146447
80990528,4.12.3-rc1,4.12,4.x-dev,2022-10-26T02:12:57Z,2022-10-26T02:21:13Z,github-actions[bot],https://api.github.com/repos/matomo-org/matomo/releases/80990528
80531816,4.12.2,4.12,4.x-dev,2022-10-20T22:56:12Z,2022-10-21T00:12:37Z,github-actions[bot],https://api.github.com/repos/matomo-org/matomo/releases/80531816
80272205,4.12.1,4.12,4.x-dev,2022-10-19T00:11:19Z,2022-10-19T00:20:38Z,github-actions[bot],https://api.github.com/repos/matomo-org/matomo/releases/80272205
79012078,4.12.0,4.12,4.x-dev,2022-10-05T01:32:33Z,2022-10-05T01:36:07Z,github-actions[bot],https://api.github.com/repos/matomo-org/matomo/releases/79012078
78796659,4.12.0-rc2,4.12,4.x-dev,2022-10-02T19:59:41Z,2022-10-02T20:02:34Z,github-actions[bot],https://api.github.com/repos/matomo-org/matomo/releases/78796659
77490644,4.12.0-rc1,4.12,4.x-dev,2022-09-18T20:35:13Z,2022-09-18T20:38:18Z,github-actions[bot],https://api.github.com/repos/matomo-org/matomo/releases/77490644
73579785,4.11.0,4.11,4.x-dev,2022-08-03T20:30:13Z,2022-08-03T20:33:24Z,github-actions[bot],https://api.github.com/repos/matomo-org/matomo/releases/73579785
73388354,4.11.0-rc4,4.11,4.x-dev,2022-08-01T23:31:30Z,2022-08-02T00:08:25Z,github-actions[bot],https://api.github.com/repos/matomo-org/matomo/releases/73388354
72806852,4.11.0-rc3,4.11,4.x-dev,2022-07-25T23:13:52Z,2022-07-25T23:16:57Z,github-actions[bot],https://api.github.com/repos/matomo-org/matomo/releases/72806852
71662784,4.11.0-rc2,4.11,4.x-dev,2022-07-08T11:24:54Z,2022-07-11T03:25:20Z,github-actions[bot],https://api.github.com/repos/matomo-org/matomo/releases/71662784
68781690,4.11.0-rc1,4.11,4.x-dev,2022-06-07T02:59:26Z,2022-06-07T03:03:50Z,github-actions[bot],https://api.github.com/repos/matomo-org/matomo/releases/68781690
67751826,4.10.1,4.10,4.x-dev,2022-05-25T01:25:13Z,2022-05-25T01:29:26Z,github-actions[bot],https://api.github.com/repos/matomo-org/matomo/releases/67751826
66917600,4.10.0,4.10,4.x-dev,2022-05-16T01:20:49Z,2022-05-16T01:25:58Z,github-actions[bot],https://api.github.com/repos/matomo-org/matomo/releases/66917600
65878304,4.10.0-rc1,4.10,4.x-dev,2022-05-03T01:53:48Z,2022-05-03T03:04:11Z,github-actions[bot],https://api.github.com/repos/matomo-org/matomo/releases/65878304
65415144,4.9.1,4.9,4.x-dev,2022-04-26T23:05:11Z,2022-04-26T23:07:56Z,github-actions[bot],https://api.github.com/repos/matomo-org/matomo/releases/65415144
64311374,4.9.0,4.9,4.x-dev,2022-04-13T01:36:35Z,2022-04-13T01:39:26Z,github-actions[bot],https://api.github.com/repos/matomo-org/matomo/releases/64311374
63218002,4.9.0-rc1,4.9,4.x-dev,2022-03-31T02:46:02Z,2022-03-31T02:48:59Z,github-actions[bot],https://api.github.com/repos/matomo-org/matomo/releases/63218002
61314510,4.8.0,4.8,4.x-dev,2022-03-08T00:42:04Z,2022-03-08T20:36:16Z,github-actions[bot],https://api.github.com/repos/matomo-org/matomo/releases/61314510
60667249,4.8.0-rc1,4.8,4.x-dev,2022-03-01T01:49:18Z,2022-03-01T01:52:30Z,github-actions[bot],https://api.github.com/repos/matomo-org/matomo/releases/60667249
58567571,4.7.1,4.7,next_release,2022-02-03T04:02:12Z,2022-02-03T04:03:07Z,mattab,https://api.github.com/repos/matomo-org/matomo/releases/58567571
58472368,4.7.0,4.7,4.x-dev,2022-02-01T22:44:53Z,2022-02-01T22:45:39Z,mattab,https://api.github.com/repos/matomo-org/matomo/releases/58472368
58057101,4.7.0-rc2,4.7,4.x-dev,2022-01-27T00:43:59Z,2022-01-27T00:45:25Z,mattab,https://api.github.com/repos/matomo-org/matomo/releases/58057101
57246798,4.7.0-rc1,4.7,next_release,2022-01-17T02:47:07Z,2022-01-17T02:48:19Z,mattab,https://api.github.com/repos/matomo-org/matomo/releases/57246798
56698515,4.7.0-b2,4.7,4.x-dev,2022-01-09T19:36:08Z,2022-01-09T20:58:55Z,mattab,https://api.github.com/repos/matomo-org/matomo/releases/56698515
55010001,4.6.2,4.6,next_release,2021-12-10T01:15:36Z,2021-12-10T01:18:53Z,mattab,https://api.github.com/repos/matomo-org/matomo/releases/55010001
54904623,4.6.2-rc1,4.6,next_release,2021-12-08T20:49:52Z,2021-12-08T20:50:18Z,mattab,https://api.github.com/repos/matomo-org/matomo/releases/54904623
54369155,4.6.1,4.6,next_release,2021-12-01T00:16:50Z,2021-12-01T00:19:23Z,mattab,https://api.github.com/repos/matomo-org/matomo/releases/54369155
54368315,4.6.1-rc1,4.6,next_release,2021-11-30T23:54:31Z,2021-11-30T23:55:58Z,mattab,https://api.github.com/repos/matomo-org/matomo/releases/54368315
54268640,4.6.0,4.6,next_release,2021-11-29T08:48:51Z,2021-11-30T03:16:21Z,justinvelluppillai,https://api.github.com/repos/matomo-org/matomo/releases/54268640
53809865,4.6.0-rc2,4.6,next_release,2021-11-22T02:59:07Z,2021-11-22T03:10:54Z,mattab,https://api.github.com/repos/matomo-org/matomo/releases/53809865
53435075,4.6.0-rc1,4.6,next_release,2021-11-16T02:03:03Z,2021-11-16T02:10:35Z,mattab,https://api.github.com/repos/matomo-org/matomo/releases/53435075
52876334,4.6.0-b3,4.6,4.x-dev,2021-11-07T19:42:31Z,2021-11-07T19:42:46Z,mattab,https://api.github.com/repos/matomo-org/matomo/releases/52876334
51836195,4.6.0-b2,4.6,4.x-dev,2021-10-22T03:51:16Z,2021-10-22T03:52:18Z,mattab,https://api.github.com/repos/matomo-org/matomo/releases/51836195
51501033,4.6.0-b1,4.6,4.x-dev,2021-10-15T06:08:14Z,2021-10-17T19:27:25Z,mattab,https://api.github.com/repos/matomo-org/matomo/releases/51501033
50925163,4.5.0,4.5,next_release,2021-10-06T00:32:32Z,2021-10-06T22:21:39Z,justinvelluppillai,https://api.github.com/repos/matomo-org/matomo/releases/50925163
50707051,4.5.0-rc2,4.5,next_release,2021-10-03T21:02:40Z,2021-10-03T21:03:40Z,mattab,https://api.github.com/repos/matomo-org/matomo/releases/50707051
50280964,4.5.0-rc1,4.5,next_release,2021-09-26T21:21:19Z,2021-09-26T21:22:22Z,mattab,https://api.github.com/repos/matomo-org/matomo/releases/50280964
50231711,4.5.0-b3,4.5,4.x-dev,2021-09-24T20:12:12Z,2021-09-24T20:12:29Z,mattab,https://api.github.com/repos/matomo-org/matomo/releases/50231711
49822371,4.5.0-b2,4.5,4.x-dev,2021-09-19T21:38:54Z,2021-09-19T21:39:34Z,mattab,https://api.github.com/repos/matomo-org/matomo/releases/49822371
48694115,4.5.0-b1,4.5,4.x-dev,2021-08-30T12:14:34Z,2021-08-30T18:48:01Z,mattab,https://api.github.com/repos/matomo-org/matomo/releases/48694115
47128889,4.4.1,4.4,4.x-dev,2021-08-02T02:46:36Z,2021-08-02T02:47:46Z,mattab,https://api.github.com/repos/matomo-org/matomo/releases/47128889
47033138,4.4.1-rc1,4.4,4.x-dev,2021-07-30T08:18:33Z,2021-07-30T09:29:32Z,mattab,https://api.github.com/repos/matomo-org/matomo/releases/47033138
46876572,4.4.0,4.4,4.x-dev,2021-07-28T03:23:24Z,2021-07-28T03:25:47Z,mattab,https://api.github.com/repos/matomo-org/matomo/releases/46876572
46864486,4.4.0-rc3,4.4,4.x-dev,2021-07-27T21:29:12Z,2021-07-27T21:30:25Z,mattab,https://api.github.com/repos/matomo-org/matomo/releases/46864486
46382161,4.4.0-rc2,4.4,4.x-dev,2021-07-18T22:38:11Z,2021-07-18T22:39:22Z,mattab,https://api.github.com/repos/matomo-org/matomo/releases/46382161
46230037,4.4.0-rc1,4.4,4.x-dev,2021-07-15T05:34:27Z,2021-07-15T05:39:51Z,mattab,https://api.github.com/repos/matomo-org/matomo/releases/46230037
45684338,4.4.0-b1,4.4,4.x-dev,2021-07-01T22:12:33Z,2021-07-04T23:29:13Z,mattab,https://api.github.com/repos/matomo-org/matomo/releases/45684338
43568993,4.3.1,4.3,4.x-dev,2021-05-26T02:20:42Z,2021-05-26T02:20:50Z,mattab,https://api.github.com/repos/matomo-org/matomo/releases/43568993
43437719,4.3.1-rc1,4.3,4.x-dev,2021-05-23T23:14:15Z,2021-05-23T23:15:43Z,mattab,https://api.github.com/repos/matomo-org/matomo/releases/43437719
43032268,4.3.0,4.3,4.x-dev,2021-05-17T03:43:27Z,2021-05-17T06:23:37Z,mattab,https://api.github.com/repos/matomo-org/matomo/releases/43032268
42806672,4.3.0-rc2,4.3,4.x-dev,2021-05-11T23:34:33Z,2021-05-11T23:59:49Z,mattab,https://api.github.com/repos/matomo-org/matomo/releases/42806672
42577473,4.3.0-rc1,4.3,4.x-dev,2021-05-07T02:10:03Z,2021-05-07T02:10:18Z,mattab,https://api.github.com/repos/matomo-org/matomo/releases/42577473
41679841,4.3.0-b3,4.3,4.x-dev,2021-04-19T07:20:37Z,2021-04-20T01:30:23Z,mattab,https://api.github.com/repos/matomo-org/matomo/releases/41679841
40612215,4.3.0-b2,4.3,4.x-dev,2021-03-29T03:42:17Z,2021-03-29T03:54:19Z,mattab,https://api.github.com/repos/matomo-org/matomo/releases/40612215
40134287,4.3.0-b1,4.3,4.x-dev,2021-03-22T01:46:18Z,2021-03-22T01:46:46Z,mattab,https://api.github.com/repos/matomo-org/matomo/releases/40134287
39033905,4.2.1,4.2,4.x-dev,2021-03-01T04:38:31Z,2021-03-01T04:41:43Z,mattab,https://api.github.com/repos/matomo-org/matomo/releases/39033905
39033200,4.2.1-rc1,4.2,4.x-dev,2021-03-01T04:05:41Z,2021-03-01T04:06:02Z,mattab,https://api.github.com/repos/matomo-org/matomo/releases/39033200
38691590,4.2.1-b1,4.2,4.x-dev,2021-02-25T03:48:23Z,2021-02-25T03:48:44Z,mattab,https://api.github.com/repos/matomo-org/matomo/releases/38691590
38404729,4.2.0,4.2,4.x-dev,2021-02-22T04:26:17Z,2021-02-22T04:27:39Z,mattab,https://api.github.com/repos/matomo-org/matomo/releases/38404729
38403660,4.2.0-rc3,4.2,4.x-dev,2021-02-22T03:32:09Z,2021-02-22T03:32:38Z,mattab,https://api.github.com/repos/matomo-org/matomo/releases/38403660
38207555,4.1.2-rc2,4.1,4.x-dev,2021-02-18T03:59:02Z,2021-02-18T03:59:25Z,mattab,https://api.github.com/repos/matomo-org/matomo/releases/38207555
38051286,4.1.2-rc1,4.1,4.x-dev,2021-02-15T09:53:22Z,2021-02-15T09:53:41Z,mattab,https://api.github.com/repos/matomo-org/matomo/releases/38051286
36422777,4.1.1,4.1,4.x-dev,2021-01-15T01:14:09Z,2021-01-15T01:17:31Z,mattab,https://api.github.com/repos/matomo-org/matomo/releases/36422777
35943770,4.1.1-b2,4.1,4.x-dev,2021-01-04T10:09:03Z,2021-01-04T10:09:18Z,mattab,https://api.github.com/repos/matomo-org/matomo/releases/35943770
35741873,4.1.1-b1,4.1,4.x-dev,2020-12-27T00:31:06Z,2020-12-27T00:31:33Z,mattab,https://api.github.com/repos/matomo-org/matomo/releases/35741873
35598529,4.1.0,4.1,4.x-dev,2020-12-22T05:04:38Z,2020-12-22T05:04:57Z,mattab,https://api.github.com/repos/matomo-org/matomo/releases/35598529
35588884,4.1.0-rc2,4.1,4.x-dev,2020-12-21T21:37:46Z,2020-12-21T21:38:06Z,mattab,https://api.github.com/repos/matomo-org/matomo/releases/35588884
35548801,4.1.0-rc1,4.1,4.x-dev,2020-12-21T01:04:47Z,2020-12-21T01:05:18Z,mattab,https://api.github.com/repos/matomo-org/matomo/releases/35548801
35515895,4.1.0-b2,4.1,4.x-dev,2020-12-19T00:21:10Z,2020-12-19T00:33:34Z,mattab,https://api.github.com/repos/matomo-org/matomo/releases/35515895
35384359,4.1.0-b1,4.1,4.x-dev,2020-12-16T22:16:39Z,2020-12-16T22:17:00Z,mattab,https://api.github.com/repos/matomo-org/matomo/releases/35384359
35010174,4.0.5,4.0,4.x-dev,2020-12-08T20:53:50Z,2020-12-08T21:06:35Z,mattab,https://api.github.com/repos/matomo-org/matomo/releases/35010174
34967696,4.0.5-b1,4.0,4.x-dev,2020-12-08T05:28:38Z,2020-12-08T07:24:25Z,mattab,https://api.github.com/repos/matomo-org/matomo/releases/34967696
34801586,4.0.4,4.0,4.x-dev,2020-12-04T00:40:31Z,2020-12-04T02:34:09Z,mattab,https://api.github.com/repos/matomo-org/matomo/releases/34801586
34793708,4.0.4-b1,4.0,4.x-dev,2020-12-03T22:47:28Z,2020-12-03T22:56:17Z,mattab,https://api.github.com/repos/matomo-org/matomo/releases/34793708
34559177,4.0.3,4.0,4.x-dev,2020-11-30T03:54:40Z,2020-11-30T04:32:45Z,mattab,https://api.github.com/repos/matomo-org/matomo/releases/34559177
34518845,4.0.2,4.0,4.x-dev,2020-11-27T21:20:17Z,2020-11-27T21:21:57Z,mattab,https://api.github.com/repos/matomo-org/matomo/releases/34518845
34484277,4.0.1,4.0,4.x-dev,2020-11-26T23:09:24Z,2020-11-26T23:10:47Z,mattab,https://api.github.com/repos/matomo-org/matomo/releases/34484277
34483905,4.0.1-b1,4.0,4.x-dev,2020-11-26T22:40:03Z,2020-11-26T22:47:07Z,mattab,https://api.github.com/repos/matomo-org/matomo/releases/34483905
34326393,4.0.0,4.0,4.x-dev,2020-11-23T19:10:15Z,2020-11-23T19:10:40Z,mattab,https://api.github.com/repos/matomo-org/matomo/releases/34326393
34289805,4.0.0-rc7,4.0,4.x-dev,2020-11-23T01:18:29Z,2020-11-23T01:25:44Z,mattab,https://api.github.com/repos/matomo-org/matomo/releases/34289805
34195163,4.0.0-rc6,4.0,4.x-dev,2020-11-19T20:02:48Z,2020-11-19T20:12:59Z,mattab,https://api.github.com/repos/matomo-org/matomo/releases/34195163
34098470,4.0.0-rc5,4.0,4.x-dev,2020-11-18T05:27:21Z,2020-11-18T05:39:11Z,mattab,https://api.github.com/repos/matomo-org/matomo/releases/34098470
34021132,4.0.0-rc4,4.0,4.x-dev,2020-11-16T19:31:10Z,2020-11-16T19:44:00Z,mattab,https://api.github.com/repos/matomo-org/matomo/releases/34021132
33835124,4.0.0-rc3,4.0,4.x-dev,2020-11-12T03:20:07Z,2020-11-12T03:21:42Z,mattab,https://api.github.com/repos/matomo-org/matomo/releases/33835124
33767262,4.0.0-rc2,4.0,4.x-dev,2020-11-10T22:27:52Z,2020-11-11T02:15:52Z,mattab,https://api.github.com/repos/matomo-org/matomo/releases/33767262
33379227,4.0.0-rc1,4.0,4.x-dev,2020-11-02T21:43:58Z,2020-11-03T00:00:29Z,mattab,https://api.github.com/repos/matomo-org/matomo/releases/33379227
33240933,4.0.0-b4,4.0,4.x-dev,2020-10-29T19:28:07Z,2020-10-29T20:40:13Z,mattab,https://api.github.com/repos/matomo-org/matomo/releases/33240933
32353937,4.0.0-b3,4.0,4.x-dev,2020-10-08T19:25:48Z,2020-10-09T05:08:57Z,mattab,https://api.github.com/repos/matomo-org/matomo/releases/32353937
31915930,4.0.0-b2,4.0,4.x-dev,2020-09-29T03:38:36Z,2020-09-29T04:17:34Z,mattab,https://api.github.com/repos/matomo-org/matomo/releases/31915930
31583128,4.0.0-a2,4.0,4.x-dev,2020-09-21T00:54:19Z,2020-09-21T00:58:23Z,mattab,https://api.github.com/repos/matomo-org/matomo/releases/31583128
31091561,3.14.1,3.14,3.x-dev,2020-09-10T22:53:53Z,2020-09-10T22:54:31Z,mattab,https://api.github.com/repos/matomo-org/matomo/releases/31091561
31089972,3.14.1-rc3,3.14,3.x-dev,2020-09-10T22:13:45Z,2020-09-10T22:14:12Z,mattab,https://api.github.com/repos/matomo-org/matomo/releases/31089972
31026017,3.14.1-rc2,3.14,3.x-dev,2020-09-10T05:51:07Z,2020-09-10T05:53:03Z,mattab,https://api.github.com/repos/matomo-org/matomo/releases/31026017
31020582,3.14.1-rc1,3.14,3.x-dev,2020-09-10T03:00:05Z,2020-09-10T03:01:19Z,mattab,https://api.github.com/repos/matomo-org/matomo/releases/31020582
30948126,4.0.0-a1,4.0,4.x-dev,2020-09-08T03:42:41Z,2020-09-09T02:07:41Z,mattab,https://api.github.com/repos/matomo-org/matomo/releases/30948126
30538799,3.14.1-b3,3.14,3.x-dev,2020-09-01T21:32:30Z,2020-09-01T21:32:52Z,mattab,https://api.github.com/repos/matomo-org/matomo/releases/30538799
30307339,3.14.1-b2,3.14,3.x-dev,2020-08-28T07:30:08Z,2020-08-28T07:32:10Z,mattab,https://api.github.com/repos/matomo-org/matomo/releases/30307339
28844462,3.14.1-b1,3.14,3.x-dev,2020-07-22T20:05:27Z,2020-07-22T20:07:43Z,mattab,https://api.github.com/repos/matomo-org/matomo/releases/28844462
28725128,3.14.0,3.14,3.x-dev,2020-07-20T06:24:09Z,2020-07-20T06:28:40Z,mattab,https://api.github.com/repos/matomo-org/matomo/releases/28725128
28421980,3.14.0-rc1,3.14,3.x-dev,2020-07-09T22:49:56Z,2020-07-09T22:50:25Z,mattab,https://api.github.com/repos/matomo-org/matomo/releases/28421980
28295656,3.14.0-b1,3.14,3.x-dev,2020-07-07T01:26:03Z,2020-07-07T04:08:52Z,mattab,https://api.github.com/repos/matomo-org/matomo/releases/28295656
28096921,2.18.1,2.18,2.x-dev,2020-07-01T03:32:36Z,2020-07-01T03:33:47Z,mattab,https://api.github.com/repos/matomo-org/matomo/releases/28096921
27739404,2.18.1-b1,2.18,2.x-dev,2020-06-16T20:20:25Z,2020-06-19T20:10:02Z,mattab,https://api.github.com/repos/matomo-org/matomo/releases/27739404
27245402,3.13.6,3.13,3.x-dev,2020-06-05T00:49:55Z,2020-06-05T00:53:36Z,mattab,https://api.github.com/repos/matomo-org/matomo/releases/27245402
27110386,3.13.6-rc1,3.13,3.x-dev,2020-06-01T20:18:00Z,2020-06-01T20:18:15Z,mattab,https://api.github.com/repos/matomo-org/matomo/releases/27110386
25948669,3.13.5,3.13,3.x-dev,2020-04-28T06:07:23Z,2020-04-28T06:08:02Z,mattab,https://api.github.com/repos/matomo-org/matomo/releases/25948669
25947661,3.13.5-rc2,3.13,3.x-dev,2020-04-28T04:59:21Z,2020-04-28T05:03:52Z,mattab,https://api.github.com/repos/matomo-org/matomo/releases/25947661
25739739,3.13.5-rc1,3.13,3.x-dev,2020-04-21T02:33:18Z,2020-04-21T20:49:35Z,mattab,https://api.github.com/repos/matomo-org/matomo/releases/25739739
25523419,3.13.5-b2,3.13,3.x-dev,2020-04-15T10:29:13Z,2020-04-15T10:29:37Z,mattab,https://api.github.com/repos/matomo-org/matomo/releases/25523419
25467481,3.13.5-b1,3.13,3.x-dev,2020-04-14T00:20:13Z,2020-04-14T00:20:28Z,mattab,https://api.github.com/repos/matomo-org/matomo/releases/25467481
24796507,3.13.4,3.13,3.x-dev,2020-03-24T00:40:40Z,2020-03-24T04:24:59Z,mattab,https://api.github.com/repos/matomo-org/matomo/releases/24796507
24690309,3.13.4-rc3,3.13,3.x-dev,2020-03-19T21:25:12Z,2020-03-19T21:25:35Z,mattab,https://api.github.com/repos/matomo-org/matomo/releases/24690309
24686545,3.13.4-rc2,3.13,3.x-dev,2020-03-19T19:20:25Z,2020-03-19T19:25:34Z,mattab,https://api.github.com/repos/matomo-org/matomo/releases/24686545
24613904,3.13.4-rc1,3.13,3.x-dev,2020-03-17T22:06:47Z,2020-03-17T22:30:12Z,mattab,https://api.github.com/repos/matomo-org/matomo/releases/24613904
24546691,3.13.4-b2,3.13,3.x-dev,2020-03-16T04:58:54Z,2020-03-16T05:03:18Z,mattab,https://api.github.com/repos/matomo-org/matomo/releases/24546691
24370379,3.13.4-b1,3.13,3.x-dev,2020-03-10T00:21:49Z,2020-03-10T00:50:09Z,mattab,https://api.github.com/repos/matomo-org/matomo/releases/24370379
23917633,3.13.3,3.13,3.x-dev,2020-02-24T02:13:10Z,2020-02-24T03:43:49Z,mattab,https://api.github.com/repos/matomo-org/matomo/releases/23917633
23826775,3.13.3-rc1,3.13,3.x-dev,2020-02-20T03:20:26Z,2020-02-20T03:21:28Z,mattab,https://api.github.com/repos/matomo-org/matomo/releases/23826775
23520431,3.13.2,3.13,3.x-dev,2020-02-10T03:16:44Z,2020-02-10T03:17:19Z,mattab,https://api.github.com/repos/matomo-org/matomo/releases/23520431
23517400,3.13.2-rc2,3.13,3.x-dev,2020-02-09T21:10:48Z,2020-02-09T21:11:44Z,mattab,https://api.github.com/repos/matomo-org/matomo/releases/23517400
23240752,3.13.2-rc1,3.13,3.x-dev,2020-01-30T02:02:55Z,2020-01-30T02:06:38Z,mattab,https://api.github.com/repos/matomo-org/matomo/releases/23240752
22881374,3.13.1,3.13,3.x-dev,2020-01-16T05:02:00Z,2020-01-16T05:02:41Z,mattab,https://api.github.com/repos/matomo-org/matomo/releases/22881374
22778242,3.13.1-rc2,3.13,3.x-dev,2020-01-13T03:21:06Z,2020-01-13T03:21:18Z,mattab,https://api.github.com/repos/matomo-org/matomo/releases/22778242
22669724,3.13.1-rc1,3.13,3.x-dev,2020-01-08T08:07:45Z,2020-01-08T08:07:57Z,mattab,https://api.github.com/repos/matomo-org/matomo/releases/22669724
22544578,3.13.1-b2,3.13,3.x-dev,2020-01-02T00:51:26Z,2020-01-02T00:51:50Z,mattab,https://api.github.com/repos/matomo-org/matomo/releases/22544578
22245369,3.13.1-b1,3.13,3.x-dev,2019-12-16T06:02:45Z,2019-12-16T06:04:45Z,mattab,https://api.github.com/repos/matomo-org/matomo/releases/22245369
21789031,3.13.0,3.13,3.x-dev,2019-11-27T04:52:02Z,2019-11-27T04:53:42Z,mattab,https://api.github.com/repos/matomo-org/matomo/releases/21789031
21719261,3.13.0-rc1,3.13,3.x-dev,2019-11-25T01:52:44Z,2019-11-25T01:52:59Z,mattab,https://api.github.com/repos/matomo-org/matomo/releases/21719261
21631750,3.13.0-b1,3.13,3.x-dev,2019-11-20T19:30:27Z,2019-11-20T19:35:32Z,mattab,https://api.github.com/repos/matomo-org/matomo/releases/21631750
21041982,3.12.0,3.12,3.x-dev,2019-10-29T04:17:25Z,2019-10-29T04:24:27Z,mattab,https://api.github.com/repos/matomo-org/matomo/releases/21041982
21041887,3.12.0-rc3,3.12,3.x-dev,2019-10-29T04:16:14Z,2019-10-29T04:16:28Z,mattab,https://api.github.com/repos/matomo-org/matomo/releases/21041887
20870708,3.12.0-rc2,3.12,3.x-dev,2019-10-22T05:17:11Z,2019-10-22T05:17:27Z,mattab,https://api.github.com/repos/matomo-org/matomo/releases/20870708
20729432,3.12.0-rc1,3.12,3.x-dev,2019-10-16T01:05:14Z,2019-10-16T02:30:43Z,mattab,https://api.github.com/repos/matomo-org/matomo/releases/20729432
20629670,3.12.0-b7,3.12,3.x-dev,2019-10-11T04:07:35Z,2019-10-11T04:07:59Z,mattab,https://api.github.com/repos/matomo-org/matomo/releases/20629670
20598393,3.12.0-b6,3.12,3.x-dev,2019-10-10T03:33:36Z,2019-10-10T03:34:54Z,mattab,https://api.github.com/repos/matomo-org/matomo/releases/20598393
20433228,3.12.0-b5,3.12,3.x-dev,2019-10-03T02:32:40Z,2019-10-03T02:33:03Z,mattab,https://api.github.com/repos/matomo-org/matomo/releases/20433228
20262375,3.12.0-b4,3.12,3.x-dev,2019-09-26T01:05:20Z,2019-09-26T01:05:47Z,mattab,https://api.github.com/repos/matomo-org/matomo/releases/20262375
19774604,3.12.0-b3,3.12,3.x-dev,2019-09-05T10:22:43Z,2019-09-05T10:23:02Z,mattab,https://api.github.com/repos/matomo-org/matomo/releases/19774604
19511857,3.12.0-b2,3.12,3.x-dev,2019-08-24T14:27:08Z,2019-08-24T14:27:24Z,mattab,https://api.github.com/repos/matomo-org/matomo/releases/19511857
18941602,3.12.0-b1,3.12,3.x-dev,2019-07-29T20:08:46Z,2019-07-29T22:26:04Z,mattab,https://api.github.com/repos/matomo-org/matomo/releases/18941602
18818331,3.11.0,3.11,3.x-dev,2019-07-23T22:33:35Z,2019-07-23T22:34:04Z,mattab,https://api.github.com/repos/matomo-org/matomo/releases/18818331
18790519,3.11.0-rc2,3.11,3.x-dev,2019-07-23T04:42:53Z,2019-07-23T04:44:54Z,mattab,https://api.github.com/repos/matomo-org/matomo/releases/18790519
18688361,3.11.0-rc1,3.11,3.x-dev,2019-07-17T22:46:25Z,2019-07-17T22:46:42Z,mattab,https://api.github.com/repos/matomo-org/matomo/releases/18688361
18629200,3.11.0-b2,3.11,3.x-dev,2019-07-15T21:31:54Z,2019-07-15T21:32:06Z,mattab,https://api.github.com/repos/matomo-org/matomo/releases/18629200
18541591,3.11.0-b1,3.11,3.x-dev,2019-07-11T03:46:32Z,2019-07-11T03:46:48Z,mattab,https://api.github.com/repos/matomo-org/matomo/releases/18541591
18328921,3.10.0,3.10,3.x-dev,2019-07-01T11:26:44Z,2019-07-01T11:27:15Z,mattab,https://api.github.com/repos/matomo-org/matomo/releases/18328921
18309847,3.10.0-rc5,3.10,3.x-dev,2019-06-29T13:16:15Z,2019-06-29T13:16:29Z,mattab,https://api.github.com/repos/matomo-org/matomo/releases/18309847
18276305,3.10.0-rc4,3.10,3.x-dev,2019-06-27T19:01:21Z,2019-06-27T19:01:48Z,mattab,https://api.github.com/repos/matomo-org/matomo/releases/18276305
18225677,3.10.0-rc3,3.10,3.x-dev,2019-06-26T02:50:12Z,2019-06-26T02:50:26Z,mattab,https://api.github.com/repos/matomo-org/matomo/releases/18225677
18169128,3.10.0-rc2,3.10,3.x-dev,2019-06-23T22:23:53Z,2019-06-23T22:24:10Z,mattab,https://api.github.com/repos/matomo-org/matomo/releases/18169128
18078325,3.10.0-rc1,3.10,3.x-dev,2019-06-18T23:33:33Z,2019-06-18T23:34:08Z,mattab,https://api.github.com/repos/matomo-org/matomo/releases/18078325
17616943,3.10.0-b3,3.10,3.x-dev,2019-05-28T01:48:18Z,2019-05-28T01:48:33Z,mattab,https://api.github.com/repos/matomo-org/matomo/releases/17616943
17413902,3.10.0-b2,3.10,3.x-dev,2019-05-16T21:20:29Z,2019-05-17T05:40:03Z,mattab,https://api.github.com/repos/matomo-org/matomo/releases/17413902
16861994,3.10.0-b1,3.10,3.x-dev,2019-04-19T01:26:10Z,2019-04-19T01:26:20Z,mattab,https://api.github.com/repos/matomo-org/matomo/releases/16861994
16861562,3.9.1-b1,3.9,3.x-dev,2019-04-19T00:27:07Z,2019-04-19T00:27:31Z,mattab,https://api.github.com/repos/matomo-org/matomo/releases/16861562
16251155,3.9.1,3.9,3.x-dev,2019-03-21T07:48:37Z,2019-03-21T07:49:20Z,mattab,https://api.github.com/repos/matomo-org/matomo/releases/16251155
16250948,3.9.1-rc1,3.9,3.x-dev,2019-03-21T07:32:08Z,2019-03-21T07:32:25Z,mattab,https://api.github.com/repos/matomo-org/matomo/releases/16250948
16195705,3.9.0,3.9,3.x-dev,2019-03-19T04:50:18Z,2019-03-19T04:51:05Z,mattab,https://api.github.com/repos/matomo-org/matomo/releases/16195705
16194399,3.9.0-rc2,3.9,3.x-dev,2019-03-19T02:30:38Z,2019-03-19T02:30:52Z,mattab,https://api.github.com/repos/matomo-org/matomo/releases/16194399
16131430,3.9.0-rc1,3.9,3.x-dev,2019-03-15T03:43:53Z,2019-03-15T03:44:28Z,mattab,https://api.github.com/repos/matomo-org/matomo/releases/16131430
16024238,3.9.0-b3,3.9,3.x-dev,2019-03-11T02:31:57Z,2019-03-11T02:32:08Z,mattab,https://api.github.com/repos/matomo-org/matomo/releases/16024238
15885087,3.9.0-b2,3.9,3.x-dev,2019-03-03T22:46:31Z,2019-03-03T22:46:44Z,mattab,https://api.github.com/repos/matomo-org/matomo/releases/15885087
15681674,3.9.0-b1,3.9,3.x-dev,2019-02-21T00:18:46Z,2019-02-21T00:19:56Z,mattab,https://api.github.com/repos/matomo-org/matomo/releases/15681674
15208740,3.8.1,3.8,3.x-dev,2019-01-28T07:02:19Z,2019-01-28T07:02:43Z,mattab,https://api.github.com/repos/matomo-org/matomo/releases/15208740
15208622,3.8.1-rc1,3.8,3.x-dev,2019-01-28T06:49:11Z,2019-01-28T06:49:34Z,mattab,https://api.github.com/repos/matomo-org/matomo/releases/15208622
15106825,3.8.1-b1,3.8,3.x-dev,2019-01-22T09:43:12Z,2019-01-22T10:32:29Z,mattab,https://api.github.com/repos/matomo-org/matomo/releases/15106825
15094794,3.8.0,3.8,3.x-dev,2019-01-21T18:16:29Z,2019-01-21T18:17:20Z,mattab,https://api.github.com/repos/matomo-org/matomo/releases/15094794
14999713,3.8.0-rc3,3.8,3.x-dev,2019-01-16T07:13:57Z,2019-01-16T07:14:09Z,mattab,https://api.github.com/repos/matomo-org/matomo/releases/14999713
14844520,2.18.0,2.18,2.x-dev,2019-01-07T23:21:36Z,2019-01-07T23:50:54Z,mattab,https://api.github.com/repos/matomo-org/matomo/releases/14844520
14843912,2.18.0-rc1,2.18,2.x-dev,2019-01-07T22:55:32Z,2019-01-07T22:56:32Z,mattab,https://api.github.com/repos/matomo-org/matomo/releases/14843912
14823972,3.8.0-rc2,3.8,3.x-dev,2019-01-06T17:18:57Z,2019-01-06T20:34:41Z,mattab,https://api.github.com/repos/matomo-org/matomo/releases/14823972
14748509,3.8.0-rc1,3.8,3.x-dev,2018-12-31T04:03:49Z,2018-12-31T04:04:15Z,mattab,https://api.github.com/repos/matomo-org/matomo/releases/14748509
14581966,3.8.0-b5,3.8,3.x-dev,2018-12-17T23:53:23Z,2018-12-17T23:53:37Z,mattab,https://api.github.com/repos/matomo-org/matomo/releases/14581966
14462393,3.8.0-b4,3.8,3.x-dev,2018-12-11T06:30:42Z,2018-12-11T10:56:43Z,mattab,https://api.github.com/repos/matomo-org/matomo/releases/14462393
14245389,3.8.0-b2,3.8,3.x-dev,2018-11-29T00:54:38Z,2018-11-29T00:54:57Z,mattab,https://api.github.com/repos/matomo-org/matomo/releases/14245389
14128448,3.8.0-b1,3.8,3.x-dev,2018-11-21T20:46:25Z,2018-11-21T20:46:37Z,mattab,https://api.github.com/repos/matomo-org/matomo/releases/14128448
14068860,3.7.0,3.7,3.x-dev,2018-11-19T02:03:41Z,2018-11-19T02:54:34Z,mattab,https://api.github.com/repos/matomo-org/matomo/releases/14068860
14068338,3.7.0-rc3,3.7,3.x-dev,2018-11-19T01:38:59Z,2018-11-19T01:39:16Z,mattab,https://api.github.com/repos/matomo-org/matomo/releases/14068338
13986525,3.7.0-rc2,3.7,3.x-dev,2018-11-13T22:26:26Z,2018-11-13T22:26:35Z,mattab,https://api.github.com/repos/matomo-org/matomo/releases/13986525
13969663,3.7.0-rc1,3.7,3.x-dev,2018-11-13T08:49:04Z,2018-11-13T09:03:22Z,mattab,https://api.github.com/repos/matomo-org/matomo/releases/13969663
13493948,3.6.1,3.6,3.x-dev,2018-10-17T20:32:52Z,2018-10-18T01:00:54Z,mattab,https://api.github.com/repos/matomo-org/matomo/releases/13493948
13417191,3.6.1-rc1,3.6,3.x-dev,2018-10-14T23:47:47Z,2018-10-14T23:48:39Z,mattab,https://api.github.com/repos/matomo-org/matomo/releases/13417191
13300061,3.6.1-b3,3.6,3.x-dev,2018-10-07T19:51:40Z,2018-10-08T10:51:34Z,mattab,https://api.github.com/repos/matomo-org/matomo/releases/13300061
13053387,3.6.1-b2,3.6,3.x-dev,2018-09-23T22:08:33Z,2018-09-24T10:19:51Z,mattab,https://api.github.com/repos/matomo-org/matomo/releases/13053387
12689139,3.6.1-b1,3.6,3.x-dev,2018-09-01T23:02:38Z,2018-09-01T23:02:54Z,mattab,https://api.github.com/repos/matomo-org/matomo/releases/12689139
12623762,3.6.0,3.6,3.x-dev,2018-08-29T02:07:22Z,2018-08-29T02:08:15Z,mattab,https://api.github.com/repos/matomo-org/matomo/releases/12623762
12602140,3.6.0-rc2,3.6,3.x-dev,2018-08-28T01:39:05Z,2018-08-28T01:39:26Z,mattab,https://api.github.com/repos/matomo-org/matomo/releases/12602140
12451938,3.6.0-rc1,3.6,3.x-dev,2018-08-17T10:33:28Z,2018-08-17T10:33:42Z,mattab,https://api.github.com/repos/matomo-org/matomo/releases/12451938
12360066,3.6.0-b5,3.6,3.x-dev,2018-08-11T08:14:32Z,2018-08-11T08:14:44Z,mattab,https://api.github.com/repos/matomo-org/matomo/releases/12360066
12327394,3.6.0-b4,3.6,3.x-dev,2018-08-09T11:24:16Z,2018-08-09T11:26:11Z,mattab,https://api.github.com/repos/matomo-org/matomo/releases/12327394
12283103,3.6.0-b3,3.6,3.x-dev,2018-08-07T01:33:49Z,2018-08-07T07:00:18Z,mattab,https://api.github.com/repos/matomo-org/matomo/releases/12283103
12069494,3.6.0-b1,3.6,3.x-dev,2018-07-24T06:53:11Z,2018-07-24T07:11:00Z,mattab,https://api.github.com/repos/matomo-org/matomo/releases/12069494
11175471,3.5.1,3.5,3.x-dev,2018-05-25T10:25:47Z,2018-05-25T10:30:49Z,mattab,https://api.github.com/repos/matomo-org/matomo/releases/11175471
11158698,3.5.1-b2,3.5,3.x-dev,2018-05-24T14:27:46Z,2018-05-24T14:28:00Z,mattab,https://api.github.com/repos/matomo-org/matomo/releases/11158698
10899532,3.5.0,3.5,3.x-dev,2018-05-08T12:07:12Z,2018-05-08T12:12:11Z,mattab,https://api.github.com/repos/matomo-org/matomo/releases/10899532
10846654,3.5.0-rc1,3.5,3.x-dev,2018-05-04T05:17:40Z,2018-05-04T05:17:51Z,mattab,https://api.github.com/repos/matomo-org/matomo/releases/10846654
10779176,3.5.0-b3,3.5,3.x-dev,2018-04-30T09:32:12Z,2018-04-30T09:32:25Z,mattab,https://api.github.com/repos/matomo-org/matomo/releases/10779176
10685030,3.5.0-b2,3.5,3.x-dev,2018-04-24T01:29:55Z,2018-04-24T01:35:59Z,mattab,https://api.github.com/repos/matomo-org/matomo/releases/10685030
10469539,3.5.0-b1,3.5,3.x-dev,2018-04-10T07:16:05Z,2018-04-10T07:16:17Z,mattab,https://api.github.com/repos/matomo-org/matomo/releases/10469539
10290633,3.4.0,3.4,3.x-dev,2018-03-28T01:30:47Z,2018-03-28T01:38:47Z,mattab,https://api.github.com/repos/matomo-org/matomo/releases/10290633
10269334,3.4.0-rc2,3.4,3.x-dev,2018-03-26T22:52:53Z,2018-03-26T22:54:19Z,mattab,https://api.github.com/repos/matomo-org/matomo/releases/10269334
10223082,3.4.0-rc1,3.4,3.x-dev,2018-03-23T04:04:32Z,2018-03-23T04:17:17Z,mattab,https://api.github.com/repos/matomo-org/matomo/releases/10223082
10010351,3.3.1-b4,3.3,3.x-dev,2018-03-09T03:37:33Z,2018-03-09T03:37:45Z,mattab,https://api.github.com/repos/matomo-org/matomo/releases/10010351
10010336,3.3.1-b3,3.3,3.x-dev,2018-03-09T03:34:39Z,2018-03-09T03:34:52Z,mattab,https://api.github.com/repos/matomo-org/matomo/releases/10010336
9793277,3.3.1-b2,3.3,3.x-dev,2018-02-22T17:38:55Z,2018-02-22T17:39:03Z,mattab,https://api.github.com/repos/matomo-org/matomo/releases/9793277
9324427,3.3.1-b1,3.3,3.x-dev,2018-01-22T03:04:46Z,2018-01-22T03:22:25Z,mattab,https://api.github.com/repos/matomo-org/matomo/releases/9324427
9210156,3.3.0,3.3,3.x-dev,2018-01-12T10:35:30Z,2018-01-12T10:38:30Z,mattab,https://api.github.com/repos/matomo-org/matomo/releases/9210156
9209427,3.3.0-rc3,3.3,3.x-dev,2018-01-12T09:46:34Z,2018-01-12T09:46:48Z,mattab,https://api.github.com/repos/matomo-org/matomo/releases/9209427
9209102,3.3.0-rc2,3.3,3.x-dev,2018-01-12T09:19:12Z,2018-01-12T09:19:29Z,mattab,https://api.github.com/repos/matomo-org/matomo/releases/9209102
9208608,3.3.0-rc1,3.3,3.x-dev,2018-01-12T08:29:00Z,2018-01-12T08:29:20Z,mattab,https://api.github.com/repos/matomo-org/matomo/releases/9208608
9188057,3.3.0-b2,3.3,3.x-dev,2018-01-10T23:25:08Z,2018-01-10T23:26:11Z,mattab,https://api.github.com/repos/matomo-org/matomo/releases/9188057
9035143,3.3.0-b1,3.3,3.x-dev,2017-12-27T01:21:36Z,2017-12-27T01:21:53Z,mattab,https://api.github.com/repos/matomo-org/matomo/releases/9035143
8785349,3.2.1,3.2,3.x-dev,2017-12-05T21:21:19Z,2017-12-05T21:21:45Z,mattab,https://api.github.com/repos/matomo-org/matomo/releases/8785349
8752686,3.2.1-rc1,3.2,3.x-dev,2017-12-04T00:12:12Z,2017-12-04T00:12:25Z,mattab,https://api.github.com/repos/matomo-org/matomo/releases/8752686
8749233,3.2.1-b3,3.2,3.x-dev,2017-12-03T10:32:44Z,2017-12-03T10:32:58Z,mattab,https://api.github.com/repos/matomo-org/matomo/releases/8749233
8696685,3.2.1-b2,3.2,3.x-dev,2017-11-29T08:35:55Z,2017-11-29T08:39:14Z,mattab,https://api.github.com/repos/matomo-org/matomo/releases/8696685
8582436,3.2.1-b1,3.2,3.x-dev,2017-11-20T07:54:42Z,2017-11-20T07:54:56Z,mattab,https://api.github.com/repos/matomo-org/matomo/releases/8582436
8089204,3.2.0,3.2,3.x-dev,2017-10-12T02:51:04Z,2017-10-12T02:58:38Z,mattab,https://api.github.com/repos/matomo-org/matomo/releases/8089204
8088703,3.2.0-rc2,3.2,3.x-dev,2017-10-12T01:40:07Z,2017-10-12T01:40:18Z,mattab,https://api.github.com/repos/matomo-org/matomo/releases/8088703
8055465,3.2.0-rc1,3.2,3.x-dev,2017-10-09T11:57:06Z,2017-10-10T00:27:59Z,mattab,https://api.github.com/repos/matomo-org/matomo/releases/8055465
8019525,3.2.0-b4,3.2,3.x-dev,2017-10-06T03:28:45Z,2017-10-06T03:28:56Z,mattab,https://api.github.com/repos/matomo-org/matomo/releases/8019525
8000713,3.2.0-b3,3.2,3.x-dev,2017-10-04T20:31:56Z,2017-10-04T20:54:00Z,mattab,https://api.github.com/repos/matomo-org/matomo/releases/8000713
7885707,3.1.2-b2,3.1,3.x-dev,2017-09-25T22:35:04Z,2017-09-25T22:37:03Z,mattab,https://api.github.com/repos/matomo-org/matomo/releases/7885707
7836612,3.1.2-b1,3.1,3.x-dev,2017-09-21T09:24:26Z,2017-09-21T09:24:38Z,mattab,https://api.github.com/repos/matomo-org/matomo/releases/7836612
7822182,3.1.1,3.1,master,2017-09-20T11:06:08Z,2017-09-20T11:06:31Z,mattab,https://api.github.com/repos/matomo-org/matomo/releases/7822182
7817603,3.1.1-b3,3.1,3.x-dev,2017-09-20T03:10:33Z,2017-09-20T03:10:45Z,mattab,https://api.github.com/repos/matomo-org/matomo/releases/7817603
7786062,3.1.1-b2,3.1,3.x-dev,2017-09-18T01:03:16Z,2017-09-18T01:03:29Z,mattab,https://api.github.com/repos/matomo-org/matomo/releases/7786062
7762008,3.1.1-b1,3.1,3.x-dev,2017-09-14T23:16:51Z,2017-09-14T23:43:52Z,mattab,https://api.github.com/repos/matomo-org/matomo/releases/7762008
7707169,3.1.0,3.1,3.x-dev,2017-09-11T12:59:55Z,2017-09-11T13:00:48Z,mattab,https://api.github.com/repos/matomo-org/matomo/releases/7707169
7632366,3.1.0-rc1,3.1,3.x-dev,2017-09-05T04:39:12Z,2017-09-05T04:39:23Z,mattab,https://api.github.com/repos/matomo-org/matomo/releases/7632366
7405977,3.0.5-b2,3.0,3.x-dev,2017-08-16T05:03:24Z,2017-08-16T05:03:36Z,mattab,https://api.github.com/repos/matomo-org/matomo/releases/7405977
7199395,3.0.5-b1,3.0,3.x-dev,2017-07-27T22:15:10Z,2017-07-27T22:15:24Z,mattab,https://api.github.com/repos/matomo-org/matomo/releases/7199395
6408885,3.0.4,3.0,3.x-dev,2017-05-16T23:22:24Z,2017-05-16T23:23:04Z,mattab,https://api.github.com/repos/matomo-org/matomo/releases/6408885
6407444,3.0.4-rc2,3.0,master,2017-05-16T20:37:17Z,2017-05-16T20:37:39Z,mattab,https://api.github.com/repos/matomo-org/matomo/releases/6407444
6382916,3.0.4-rc1,3.0,master,2017-05-15T05:11:25Z,2017-05-15T05:11:43Z,mattab,https://api.github.com/repos/matomo-org/matomo/releases/6382916
6322169,3.0.4-b3,3.0,master,2017-05-09T09:42:21Z,2017-05-09T09:42:31Z,mattab,https://api.github.com/repos/matomo-org/matomo/releases/6322169
6275432,3.0.4-b2,3.0,3.x-dev,2017-05-04T08:07:49Z,2017-05-04T08:08:11Z,mattab,https://api.github.com/repos/matomo-org/matomo/releases/6275432
6190870,3.0.4-b1,3.0,master,2017-04-26T06:52:46Z,2017-04-26T06:53:01Z,mattab,https://api.github.com/repos/matomo-org/matomo/releases/6190870
5969173,3.0.3,3.0,master,2017-04-04T12:09:02Z,2017-04-04T12:10:16Z,mattab,https://api.github.com/repos/matomo-org/matomo/releases/5969173
5962549,3.0.3-rc1,3.0,3.x-dev,2017-04-03T21:25:58Z,2017-04-03T21:26:18Z,mattab,https://api.github.com/repos/matomo-org/matomo/releases/5962549
5898871,3.0.3-b2,3.0,3.x-dev,2017-03-28T17:51:03Z,2017-03-28T18:52:51Z,mattab,https://api.github.com/repos/matomo-org/matomo/releases/5898871
5878285,3.0.3-b1,3.0,master,2017-03-27T10:45:15Z,2017-03-27T10:45:42Z,mattab,https://api.github.com/repos/matomo-org/matomo/releases/5878285
5603574,3.0.2,3.0,master,2017-03-01T09:36:40Z,2017-03-01T09:37:03Z,mattab,https://api.github.com/repos/matomo-org/matomo/releases/5603574
5595573,3.0.2-rc1,3.0,master,2017-02-28T15:32:21Z,2017-02-28T15:32:36Z,mattab,https://api.github.com/repos/matomo-org/matomo/releases/5595573
5536038,3.0.2-b6,3.0,master,2017-02-22T14:51:28Z,2017-02-22T15:06:52Z,mattab,https://api.github.com/repos/matomo-org/matomo/releases/5536038
5519723,3.0.2-b5,3.0,3.x-dev,2017-02-21T11:23:33Z,2017-02-21T11:25:18Z,mattab,https://api.github.com/repos/matomo-org/matomo/releases/5519723
5501423,3.0.2-b4,3.0,master,2017-02-19T07:53:46Z,2017-02-19T07:54:03Z,mattab,https://api.github.com/repos/matomo-org/matomo/releases/5501423
5300677,3.0.2-b3,3.0,master,2017-01-30T08:49:22Z,2017-01-30T08:49:41Z,mattab,https://api.github.com/repos/matomo-org/matomo/releases/5300677
5244340,3.0.2-b2,3.0,3.x-dev,2017-01-23T21:42:15Z,2017-01-23T22:08:32Z,mattab,https://api.github.com/repos/matomo-org/matomo/releases/5244340
5230264,3.0.2-b1,3.0,master,2017-01-22T09:29:57Z,2017-01-22T09:30:13Z,mattab,https://api.github.com/repos/matomo-org/matomo/releases/5230264
5110134,3.0.1,3.0,master,2017-01-09T22:12:23Z,2017-01-09T22:15:14Z,mattab,https://api.github.com/repos/matomo-org/matomo/releases/5110134
5094334,3.0.1-b3,3.0,master,2017-01-07T07:51:56Z,2017-01-07T07:54:03Z,mattab,https://api.github.com/repos/matomo-org/matomo/releases/5094334
5047101,3.0.1-b2,3.0,master,2017-01-02T00:13:26Z,2017-01-02T00:13:48Z,mattab,https://api.github.com/repos/matomo-org/matomo/releases/5047101
5017468,3.0.1-b1,3.0,master,2016-12-27T09:18:42Z,2016-12-27T09:19:00Z,mattab,https://api.github.com/repos/matomo-org/matomo/releases/5017468
4953223,3.0.0,3.0,master,2016-12-19T02:22:53Z,2016-12-19T02:23:45Z,mattab,https://api.github.com/repos/matomo-org/matomo/releases/4953223
4937423,3.0.0-rc4,3.0,master,2016-12-16T04:01:58Z,2016-12-16T04:02:15Z,mattab,https://api.github.com/repos/matomo-org/matomo/releases/4937423
4910924,3.0.0-rc3,3.0,master,2016-12-13T20:41:53Z,2016-12-13T20:42:14Z,mattab,https://api.github.com/repos/matomo-org/matomo/releases/4910924
4892870,3.0.0-rc2,3.0,master,2016-12-12T10:54:03Z,2016-12-12T10:55:01Z,mattab,https://api.github.com/repos/matomo-org/matomo/releases/4892870
4843534,3.0.0-rc1,3.0,master,2016-12-06T12:19:48Z,2016-12-06T12:20:43Z,mattab,https://api.github.com/repos/matomo-org/matomo/releases/4843534
4832527,3.0.0-b5,3.0,master,2016-12-05T12:06:51Z,2016-12-05T12:12:28Z,mattab,https://api.github.com/repos/matomo-org/matomo/releases/4832527
4813397,3.0.0-b4,3.0,master,2016-12-02T04:32:03Z,2016-12-02T04:32:23Z,mattab,https://api.github.com/repos/matomo-org/matomo/releases/4813397
4664772,3.0.0-b3,3.0,3.x-dev,2016-11-15T15:34:02Z,2016-11-15T15:52:21Z,mattab,https://api.github.com/repos/matomo-org/matomo/releases/4664772
4648095,2.17.1,2.17,2.x-dev,2016-11-14T03:03:53Z,2016-11-14T03:05:47Z,mattab,https://api.github.com/repos/matomo-org/matomo/releases/4648095
4647990,2.17.1-rc1,2.17,2.x-dev,2016-11-14T02:35:30Z,2016-11-14T02:35:52Z,mattab,https://api.github.com/repos/matomo-org/matomo/releases/4647990
4522222,3.0.0-b2,3.0,master,2016-10-30T23:53:46Z,2016-10-30T23:54:02Z,mattab,https://api.github.com/repos/matomo-org/matomo/releases/4522222
4484670,2.17.0,2.17,2.x-dev,2016-10-26T03:07:25Z,2016-10-26T03:11:46Z,mattab,https://api.github.com/repos/matomo-org/matomo/releases/4484670
4482672,2.17.0-rc1,2.17,2.x-dev,2016-10-25T21:18:09Z,2016-10-25T21:18:28Z,mattab,https://api.github.com/repos/matomo-org/matomo/releases/4482672
4456817,2.17.0-b3,2.17,2.x-dev,2016-10-22T10:13:35Z,2016-10-22T10:14:25Z,mattab,https://api.github.com/repos/matomo-org/matomo/releases/4456817
4456757,2.17.0-b2,2.17,2.x-dev,2016-10-22T09:34:30Z,2016-10-22T09:34:44Z,mattab,https://api.github.com/repos/matomo-org/matomo/releases/4456757
4435902,2.17.0-b1,2.17,2.x-dev,2016-10-20T00:39:30Z,2016-10-20T00:40:43Z,mattab,https://api.github.com/repos/matomo-org/matomo/releases/4435902
4315841,3.0.0-b1,3.0,3.x-dev,2016-10-06T01:09:26Z,2016-10-06T01:10:26Z,mattab,https://api.github.com/repos/matomo-org/matomo/releases/4315841
4303639,2.16.5,2.16,2.x-dev,2016-10-04T21:10:14Z,2016-10-04T21:15:48Z,mattab,https://api.github.com/repos/matomo-org/matomo/releases/4303639
4294771,2.16.4,2.16,2.x-dev,2016-10-03T22:13:49Z,2016-10-04T00:33:04Z,mattab,https://api.github.com/repos/matomo-org/matomo/releases/4294771
4284571,2.16.3,2.16,master,2016-10-02T23:37:27Z,2016-10-02T23:37:46Z,mattab,https://api.github.com/repos/matomo-org/matomo/releases/4284571
4284258,2.16.3-rc3,2.16,master,2016-10-02T21:33:28Z,2016-10-02T21:33:56Z,mattab,https://api.github.com/repos/matomo-org/matomo/releases/4284258
4284210,2.16.3-rc2,2.16,master,2016-10-02T21:08:02Z,2016-10-02T21:10:21Z,mattab,https://api.github.com/repos/matomo-org/matomo/releases/4284210
4259233,2.16.3-rc1,2.16,master,2016-09-29T02:03:02Z,2016-09-29T02:03:53Z,mattab,https://api.github.com/repos/matomo-org/matomo/releases/4259233
4226244,2.16.3-b4,2.16,master,2016-09-26T03:26:55Z,2016-09-26T03:27:11Z,mattab,https://api.github.com/repos/matomo-org/matomo/releases/4226244
4175779,2.16.3-b3,2.16,master,2016-09-19T22:19:57Z,2016-09-19T22:20:18Z,mattab,https://api.github.com/repos/matomo-org/matomo/releases/4175779
3991725,2.16.3-b2,2.16,master,2016-08-28T06:35:27Z,2016-08-28T06:40:46Z,mattab,https://api.github.com/repos/matomo-org/matomo/releases/3991725
3800677,2.16.2,2.16,master,2016-08-03T08:44:01Z,2016-08-03T08:44:10Z,mattab,https://api.github.com/repos/matomo-org/matomo/releases/3800677
3728460,2.16.2-rc2,2.16,master,2016-07-25T00:56:21Z,2016-07-25T00:56:29Z,mattab,https://api.github.com/repos/matomo-org/matomo/releases/3728460
3728382,2.16.2-rc1,2.16,master,2016-07-24T22:40:42Z,2016-07-25T00:09:06Z,mattab,https://api.github.com/repos/matomo-org/matomo/releases/3728382
3706219,2.16.2-b6,2.16,master,2016-07-21T05:04:19Z,2016-07-21T05:27:17Z,mattab,https://api.github.com/repos/matomo-org/matomo/releases/3706219
3705955,2.16.2-b5,2.16,master,2016-07-21T04:12:52Z,2016-07-21T04:13:08Z,mattab,https://api.github.com/repos/matomo-org/matomo/releases/3705955
3705512,2.16.2-b4,2.16,master,2016-07-21T02:14:50Z,2016-07-21T02:15:01Z,mattab,https://api.github.com/repos/matomo-org/matomo/releases/3705512
3653348,2.16.2-b3,2.16,master,2016-07-14T01:48:24Z,2016-07-14T01:48:39Z,mattab,https://api.github.com/repos/matomo-org/matomo/releases/3653348
3280691,2.16.2-b2,2.16,master,2016-05-23T02:12:56Z,2016-05-23T02:14:50Z,mattab,https://api.github.com/repos/matomo-org/matomo/releases/3280691
3046800,2.16.2-b1,2.16,master,2016-04-19T00:17:12Z,2016-04-19T00:17:14Z,mattab,https://api.github.com/repos/matomo-org/matomo/releases/3046800
2991017,2.16.1,2.16,master,2016-04-11T04:44:27Z,2016-04-11T04:45:38Z,mattab,https://api.github.com/repos/matomo-org/matomo/releases/2991017
2990596,2.16.1-rc2,2.16,master,2016-04-11T01:57:46Z,2016-04-11T01:57:54Z,mattab,https://api.github.com/repos/matomo-org/matomo/releases/2990596
2929916,2.16.1-rc1,2.16,master,2016-04-01T01:07:40Z,2016-04-01T01:07:56Z,mattab,https://api.github.com/repos/matomo-org/matomo/releases/2929916
2912200,2.16.1-b3,2.16,master,2016-03-30T02:16:03Z,2016-03-30T02:25:36Z,mattab,https://api.github.com/repos/matomo-org/matomo/releases/2912200
2786273,2.16.1-b2,2.16,master,2016-03-10T16:58:50Z,2016-03-10T16:59:22Z,mattab,https://api.github.com/repos/matomo-org/matomo/releases/2786273
2611720,2.16.1-b1,2.16,master,2016-02-14T12:04:35Z,2016-02-14T12:04:45Z,mattab,https://api.github.com/repos/matomo-org/matomo/releases/2611720
2550320,2.16.0,2.16,master,2016-02-04T06:09:00Z,2016-02-04T06:09:21Z,mattab,https://api.github.com/repos/matomo-org/matomo/releases/2550320
2550118,2.16.0-rc4,2.16,master,2016-02-04T04:47:50Z,2016-02-04T04:47:58Z,mattab,https://api.github.com/repos/matomo-org/matomo/releases/2550118
2549865,2.16.0-rc3,2.16,master,2016-02-04T03:06:51Z,2016-02-04T03:07:28Z,mattab,https://api.github.com/repos/matomo-org/matomo/releases/2549865
2534373,2.16.0-rc2,2.16,master,2016-02-02T04:13:09Z,2016-02-02T04:13:55Z,mattab,https://api.github.com/repos/matomo-org/matomo/releases/2534373
2498815,2.16.0-rc1,2.16,master,2016-01-27T04:59:26Z,2016-01-27T04:59:35Z,mattab,https://api.github.com/repos/matomo-org/matomo/releases/2498815
2465184,2.16.0-b6,2.16,master,2016-01-21T06:11:13Z,2016-01-21T06:11:27Z,mattab,https://api.github.com/repos/matomo-org/matomo/releases/2465184
2465040,2.16.0-b5,2.16,master,2016-01-21T05:18:43Z,2016-01-21T05:19:00Z,mattab,https://api.github.com/repos/matomo-org/matomo/releases/2465040
2457735,2.16.0-b4,2.16,master,2016-01-20T05:57:18Z,2016-01-20T05:57:55Z,mattab,https://api.github.com/repos/matomo-org/matomo/releases/2457735
2443477,2.16.0-b3,2.16,master,2016-01-18T02:32:04Z,2016-01-18T02:32:16Z,mattab,https://api.github.com/repos/matomo-org/matomo/releases/2443477
2422921,2.16.0-b2,2.16,master,2016-01-13T21:28:21Z,2016-01-13T21:28:27Z,mattab,https://api.github.com/repos/matomo-org/matomo/releases/2422921
2330839,2.16.0-b1,2.16,master,2015-12-23T01:06:04Z,2015-12-23T01:06:18Z,mattab,https://api.github.com/repos/matomo-org/matomo/releases/2330839
2319273,2.15.1-b11,2.15,master,2015-12-21T03:18:36Z,2015-12-21T03:18:51Z,mattab,https://api.github.com/repos/matomo-org/matomo/releases/2319273
2292754,2.15.1-b10,2.15,master,2015-12-15T18:39:07Z,2015-12-15T18:39:25Z,mattab,https://api.github.com/repos/matomo-org/matomo/releases/2292754
2248799,2.15.1-b9,2.15,master,2015-12-08T01:19:31Z,2015-12-08T01:19:42Z,mattab,https://api.github.com/repos/matomo-org/matomo/releases/2248799
2242238,2.15.1-b8,2.15,master,2015-12-07T03:40:31Z,2015-12-07T03:40:40Z,mattab,https://api.github.com/repos/matomo-org/matomo/releases/2242238
2231588,2.15.1-b7,2.15,master,2015-12-04T03:12:54Z,2015-12-04T03:13:03Z,mattab,https://api.github.com/repos/matomo-org/matomo/releases/2231588
2209395,2.15.1-b6,2.15,master,2015-11-30T22:09:10Z,2015-11-30T22:09:22Z,mattab,https://api.github.com/repos/matomo-org/matomo/releases/2209395
2188601,2.15.1-b5,2.15,master,2015-11-26T05:03:53Z,2015-11-26T05:04:06Z,mattab,https://api.github.com/repos/matomo-org/matomo/releases/2188601
2187043,2.15.1-b4,2.15,master,2015-11-25T21:19:57Z,2015-11-25T21:20:22Z,mattab,https://api.github.com/repos/matomo-org/matomo/releases/2187043
2181676,2.15.1-b3,2.15,master,2015-11-25T02:35:06Z,2015-11-25T02:35:20Z,mattab,https://api.github.com/repos/matomo-org/matomo/releases/2181676
2143939,2.15.1-b2,2.15,master,2015-11-18T05:08:49Z,2015-11-18T05:09:00Z,mattab,https://api.github.com/repos/matomo-org/matomo/releases/2143939
2092715,2.15.1-b1,2.15,master,2015-11-08T19:52:35Z,2015-11-09T05:03:48Z,mattab,https://api.github.com/repos/matomo-org/matomo/releases/2092715
1999670,2.15.0,2.15,master,2015-10-22T00:59:19Z,2015-10-22T00:59:49Z,mattab,https://api.github.com/repos/matomo-org/matomo/releases/1999670
1999468,2.15.0-rc5,2.15,master,2015-10-21T23:47:03Z,2015-10-21T23:47:14Z,mattab,https://api.github.com/repos/matomo-org/matomo/releases/1999468
1987448,2.15.0-rc4,2.15,master,2015-10-20T09:24:23Z,2015-10-20T09:24:55Z,mattab,https://api.github.com/repos/matomo-org/matomo/releases/1987448
1974939,2.15.0-rc3,2.15,master,2015-10-16T21:55:21Z,2015-10-16T21:55:40Z,mattab,https://api.github.com/repos/matomo-org/matomo/releases/1974939
1963659,2.15.0-rc2,2.15,master,2015-10-15T04:54:55Z,2015-10-15T04:55:06Z,mattab,https://api.github.com/repos/matomo-org/matomo/releases/1963659
1955050,2.15.0-rc1,2.15,master,2015-10-13T19:39:26Z,2015-10-13T19:39:36Z,mattab,https://api.github.com/repos/matomo-org/matomo/releases/1955050
1950890,2.15.0-b20,2.15,master,2015-10-13T07:56:01Z,2015-10-13T07:57:18Z,mattab,https://api.github.com/repos/matomo-org/matomo/releases/1950890
1944197,2.15.0-b19,2.15,master,2015-10-12T01:57:56Z,2015-10-12T01:58:06Z,mattab,https://api.github.com/repos/matomo-org/matomo/releases/1944197
1944149,2.15.0-b18,2.15,master,2015-10-12T01:33:10Z,2015-10-12T01:33:20Z,mattab,https://api.github.com/repos/matomo-org/matomo/releases/1944149
1933330,2.15.0-b17,2.15,master,2015-10-08T21:42:44Z,2015-10-08T21:42:55Z,mattab,https://api.github.com/repos/matomo-org/matomo/releases/1933330
1927052,2.15.0-b16,2.15,master,2015-10-07T21:39:44Z,2015-10-07T21:46:07Z,mattab,https://api.github.com/repos/matomo-org/matomo/releases/1927052
1901891,2.15.0-b15,2.15,master,2015-10-02T12:11:28Z,2015-10-02T12:11:37Z,mattab,https://api.github.com/repos/matomo-org/matomo/releases/1901891
1882425,2.15.0-b14,2.15,master,2015-09-29T10:33:27Z,2015-09-29T10:33:38Z,mattab,https://api.github.com/repos/matomo-org/matomo/releases/1882425
1853727,2.15.0-b13,2.15,master,2015-09-23T05:15:43Z,2015-09-23T05:15:53Z,mattab,https://api.github.com/repos/matomo-org/matomo/releases/1853727
1848724,2.15.0-b9,2.15,master,2015-09-22T10:45:14Z,2015-09-22T10:45:22Z,mattab,https://api.github.com/repos/matomo-org/matomo/releases/1848724
1849515,2.15.0-b12,2.15,master,2015-09-22T13:23:39Z,2015-09-22T13:23:51Z,mattab,https://api.github.com/repos/matomo-org/matomo/releases/1849515
1849015,2.15.0-b11,2.15,master,2015-09-22T11:45:51Z,2015-09-22T11:46:05Z,mattab,https://api.github.com/repos/matomo-org/matomo/releases/1849015
1848991,2.15.0-b10,2.15,master,2015-09-22T11:39:31Z,2015-09-22T11:39:57Z,mattab,https://api.github.com/repos/matomo-org/matomo/releases/1848991
1832765,2.15.0-b8,2.15,master,2015-09-18T07:55:05Z,2015-09-18T07:55:44Z,mattab,https://api.github.com/repos/matomo-org/matomo/releases/1832765
1797805,2.15.0-b7,2.15,master,2015-09-11T03:46:26Z,2015-09-11T03:46:43Z,mattab,https://api.github.com/repos/matomo-org/matomo/releases/1797805
1791230,2.15.0-b6,2.15,master,2015-09-09T23:38:41Z,2015-09-09T23:39:28Z,mattab,https://api.github.com/repos/matomo-org/matomo/releases/1791230
1780387,2.15.0-b5,2.15,master,2015-09-08T06:41:05Z,2015-09-08T06:41:14Z,mattab,https://api.github.com/repos/matomo-org/matomo/releases/1780387
1755557,2.15.0-b4,2.15,master,2015-09-02T08:56:58Z,2015-09-02T09:28:28Z,mattab,https://api.github.com/repos/matomo-org/matomo/releases/1755557
1730208,2.15.0-b3,2.15,master,2015-08-26T20:39:39Z,2015-08-27T10:38:10Z,mattab,https://api.github.com/repos/matomo-org/matomo/releases/1730208
1703623,2.15.0-b2,2.15,master,2015-08-21T08:30:31Z,2015-08-21T08:31:17Z,mattab,https://api.github.com/repos/matomo-org/matomo/releases/1703623
1668527,2.15.0-b1,2.15,master,2015-08-13T16:40:39Z,2015-08-13T16:40:57Z,mattab,https://api.github.com/repos/matomo-org/matomo/releases/1668527
1633248,2.14.3,2.14,master,2015-08-05T19:05:54Z,2015-08-05T19:09:43Z,mattab,https://api.github.com/repos/matomo-org/matomo/releases/1633248
1620528,2.14.3-b1,2.14,master,2015-08-03T11:07:07Z,2015-08-03T11:07:18Z,mattab,https://api.github.com/repos/matomo-org/matomo/releases/1620528
1582758,2.14.2,2.14,master,2015-07-24T14:59:05Z,2015-07-24T15:03:37Z,mattab,https://api.github.com/repos/matomo-org/matomo/releases/1582758
1581320,2.14.2-b1,2.14,master,2015-07-24T09:51:50Z,2015-07-24T09:51:58Z,mattab,https://api.github.com/repos/matomo-org/matomo/releases/1581320
1546895,2.14.1,2.14,master,2015-07-16T15:52:07Z,2015-07-16T15:53:44Z,mattab,https://api.github.com/repos/matomo-org/matomo/releases/1546895
1546700,2.14.1-rc1,2.14,master,2015-07-16T15:23:12Z,2015-07-16T15:23:39Z,mattab,https://api.github.com/repos/matomo-org/matomo/releases/1546700
1535158,2.14.1-b2,2.14,master,2015-07-14T14:56:45Z,2015-07-14T14:56:55Z,mattab,https://api.github.com/repos/matomo-org/matomo/releases/1535158
1527184,2.14.1-b1,2.14,master,2015-07-12T22:59:16Z,2015-07-12T22:59:28Z,mattab,https://api.github.com/repos/matomo-org/matomo/releases/1527184
1510245,2.14.0,2.14,master,2015-07-08T12:46:20Z,2015-07-08T12:46:47Z,mattab,https://api.github.com/repos/matomo-org/matomo/releases/1510245
1509751,2.14.0-rc4,2.14,master,2015-07-08T10:37:27Z,2015-07-08T10:37:36Z,mattab,https://api.github.com/repos/matomo-org/matomo/releases/1509751
1505276,2.14.0-rc3,2.14,master,2015-07-07T13:56:32Z,2015-07-07T13:56:41Z,mattab,https://api.github.com/repos/matomo-org/matomo/releases/1505276
1499136,2.14.0-rc2,2.14,master,2015-07-06T10:20:28Z,2015-07-06T10:20:36Z,mattab,https://api.github.com/repos/matomo-org/matomo/releases/1499136
1463965,2.14.0-rc1,2.14,master,2015-06-26T05:51:52Z,2015-06-26T05:52:10Z,mattab,https://api.github.com/repos/matomo-org/matomo/releases/1463965
1459245,2.14.0-b10,2.14,master,2015-06-25T08:01:14Z,2015-06-25T08:03:02Z,mattab,https://api.github.com/repos/matomo-org/matomo/releases/1459245
1453802,2.14.0-b9,2.14,master,2015-06-24T05:10:47Z,2015-06-24T05:11:11Z,mattab,https://api.github.com/repos/matomo-org/matomo/releases/1453802
1448757,2.14.0-b8,2.14,master,2015-06-23T05:50:05Z,2015-06-23T05:50:24Z,mattab,https://api.github.com/repos/matomo-org/matomo/releases/1448757
1443923,2.14.0-b7,2.14,master,2015-06-22T05:39:59Z,2015-06-22T05:40:09Z,mattab,https://api.github.com/repos/matomo-org/matomo/releases/1443923
1443805,2.14.0-b6,2.14,master,2015-06-22T04:07:55Z,2015-06-22T04:08:02Z,mattab,https://api.github.com/repos/matomo-org/matomo/releases/1443805
1443743,2.14.0-b5,2.14,master,2015-06-22T03:16:45Z,2015-06-22T03:16:53Z,mattab,https://api.github.com/repos/matomo-org/matomo/releases/1443743
1436058,2.14.0-b4,2.14,master,2015-06-19T04:01:08Z,2015-06-19T04:28:30Z,mattab,https://api.github.com/repos/matomo-org/matomo/releases/1436058
1420688,2.14.0-b3,2.14,master,2015-06-16T07:30:11Z,2015-06-16T07:31:30Z,mattab,https://api.github.com/repos/matomo-org/matomo/releases/1420688
1386986,2.14.0-b2,2.14,master,2015-06-08T03:34:27Z,2015-06-08T03:34:46Z,mattab,https://api.github.com/repos/matomo-org/matomo/releases/1386986
1296064,2.14.0-b1,2.14,master,2015-05-14T12:19:55Z,2015-05-14T12:20:17Z,mattab,https://api.github.com/repos/matomo-org/matomo/releases/1296064
1267263,2.13.1,2.13,master,2015-05-06T23:09:10Z,2015-05-06T23:45:36Z,mattab,https://api.github.com/repos/matomo-org/matomo/releases/1267263
1237065,2.13.0,2.13,master,2015-04-30T02:45:03Z,2015-04-30T02:49:52Z,mattab,https://api.github.com/repos/matomo-org/matomo/releases/1237065
1235654,2.13.0-rc3,2.13,master,2015-04-29T23:03:26Z,2015-04-29T23:03:34Z,mattab,https://api.github.com/repos/matomo-org/matomo/releases/1235654
1223886,2.13.0-rc2,2.13,master,2015-04-27T20:24:29Z,2015-04-27T21:29:54Z,mattab,https://api.github.com/repos/matomo-org/matomo/releases/1223886
1199965,2.13.0-rc1,2.13,master,2015-04-22T08:04:25Z,2015-04-22T08:18:39Z,mattab,https://api.github.com/repos/matomo-org/matomo/releases/1199965
1179376,2.13.0-b3,2.13,master,2015-04-17T04:25:34Z,2015-04-17T04:46:09Z,mattab,https://api.github.com/repos/matomo-org/matomo/releases/1179376
1147204,2.13.0-b2,2.13,master,2015-04-10T00:10:51Z,2015-04-10T00:11:03Z,mattab,https://api.github.com/repos/matomo-org/matomo/releases/1147204
1113316,2.13.0-b1,2.13,master,2015-04-01T01:37:52Z,2015-04-01T01:38:31Z,mattab,https://api.github.com/repos/matomo-org/matomo/releases/1113316
1096522,2.12.1,2.12,master,2015-03-27T01:18:15Z,2015-03-27T01:19:31Z,mattab,https://api.github.com/repos/matomo-org/matomo/releases/1096522
1096120,2.12.1-rc1,2.12,master,2015-03-26T22:28:33Z,2015-03-26T22:29:29Z,mattab,https://api.github.com/repos/matomo-org/matomo/releases/1096120
1092049,2.12.1-b1,2.12,master,2015-03-26T01:40:54Z,2015-03-26T01:41:15Z,mattab,https://api.github.com/repos/matomo-org/matomo/releases/1092049
1078439,2.12.0,2.12,master,2015-03-23T01:00:27Z,2015-03-23T01:00:57Z,mattab,https://api.github.com/repos/matomo-org/matomo/releases/1078439
1078184,2.12.0-rc3,2.12,master,2015-03-22T22:07:37Z,2015-03-22T22:08:58Z,mattab,https://api.github.com/repos/matomo-org/matomo/releases/1078184
1067516,2.12.0-rc2,2.12,master,2015-03-19T09:08:36Z,2015-03-19T09:09:50Z,mattab,https://api.github.com/repos/matomo-org/matomo/releases/1067516
1067460,2.12.0-rc1,2.12,master,2015-03-19T08:47:31Z,2015-03-19T08:48:03Z,mattab,https://api.github.com/repos/matomo-org/matomo/releases/1067460
1062743,2.12.0-b8,2.12,master,2015-03-18T05:20:43Z,2015-03-18T05:21:26Z,mattab,https://api.github.com/repos/matomo-org/matomo/releases/1062743
1062575,2.12.0-b7,2.12,master,2015-03-18T03:11:51Z,2015-03-18T03:12:01Z,mattab,https://api.github.com/repos/matomo-org/matomo/releases/1062575
1062547,2.12.0-b6,2.12,master,2015-03-18T02:35:31Z,2015-03-18T02:56:56Z,mattab,https://api.github.com/repos/matomo-org/matomo/releases/1062547
1053565,2.12.0-b5,2.12,master,2015-03-16T05:31:55Z,2015-03-16T05:32:45Z,mattab,https://api.github.com/repos/matomo-org/matomo/releases/1053565
1053512,2.12.0-b4,2.12,master,2015-03-16T04:54:08Z,2015-03-16T04:54:50Z,mattab,https://api.github.com/repos/matomo-org/matomo/releases/1053512
1045346,2.12.0-b3,2.12,master,2015-03-13T02:25:05Z,2015-03-13T02:25:15Z,mattab,https://api.github.com/repos/matomo-org/matomo/releases/1045346
1040750,2.12.0-b2,2.12,master,2015-03-12T01:05:02Z,2015-03-12T01:05:18Z,mattab,https://api.github.com/repos/matomo-org/matomo/releases/1040750
1028545,2.12.0-b1,2.12,master,2015-03-09T03:50:23Z,2015-03-09T03:50:36Z,mattab,https://api.github.com/repos/matomo-org/matomo/releases/1028545
1010384,2.11.2,2.11,master,2015-03-04T02:28:55Z,2015-03-04T02:29:18Z,mattab,https://api.github.com/repos/matomo-org/matomo/releases/1010384
1010001,2.11.2-rc1,2.11,master,2015-03-03T23:19:45Z,2015-03-03T23:19:54Z,mattab,https://api.github.com/repos/matomo-org/matomo/releases/1010001
1006145,2.11.2-b3,2.11,master,2015-03-03T02:46:17Z,2015-03-03T02:46:27Z,mattab,https://api.github.com/repos/matomo-org/matomo/releases/1006145
1005236,2.11.2-b2,2.11,master,2015-03-02T21:38:20Z,2015-03-02T21:38:30Z,mattab,https://api.github.com/repos/matomo-org/matomo/releases/1005236
1000952,2.11.2-b1,2.11,master,2015-03-02T01:58:36Z,2015-03-02T01:58:49Z,mattab,https://api.github.com/repos/matomo-org/matomo/releases/1000952
977095,2.11.1,2.11,master,2015-02-23T03:53:27Z,2015-02-23T03:55:53Z,mattab,https://api.github.com/repos/matomo-org/matomo/releases/977095
977027,2.11.1-rc1,2.11,master,2015-02-23T03:15:14Z,2015-02-23T03:15:25Z,mattab,https://api.github.com/repos/matomo-org/matomo/releases/977027
973101,2.11.1-b3,2.11,master,2015-02-20T21:32:34Z,2015-02-20T21:32:48Z,mattab,https://api.github.com/repos/matomo-org/matomo/releases/973101
966148,2.11.1-b2,2.11,master,2015-02-19T02:11:59Z,2015-02-19T02:12:08Z,mattab,https://api.github.com/repos/matomo-org/matomo/releases/966148
965511,2.11.1-b1,2.11,master,2015-02-18T21:56:37Z,2015-02-18T21:56:48Z,mattab,https://api.github.com/repos/matomo-org/matomo/releases/965511
962301,2.11.0,2.11,master,2015-02-18T04:15:03Z,2015-02-18T04:15:18Z,mattab,https://api.github.com/repos/matomo-org/matomo/releases/962301
954821,2.11.0-rc1,2.11,master,2015-02-16T04:57:29Z,2015-02-16T04:57:38Z,mattab,https://api.github.com/repos/matomo-org/matomo/releases/954821
949010,2.11.0-b7,2.11,master,2015-02-13T11:32:35Z,2015-02-13T11:32:52Z,mattab,https://api.github.com/repos/matomo-org/matomo/releases/949010
948332,2.11.0-b6,2.11,master,2015-02-13T06:06:44Z,2015-02-13T06:06:53Z,mattab,https://api.github.com/repos/matomo-org/matomo/releases/948332
947919,2.11.0-b5,2.11,master,2015-02-13T01:08:19Z,2015-02-13T01:21:19Z,mattab,https://api.github.com/repos/matomo-org/matomo/releases/947919
939926,2.11.0-b4,2.11,master,2015-02-10T23:48:12Z,2015-02-11T01:14:47Z,mattab,https://api.github.com/repos/matomo-org/matomo/releases/939926
873114,2.11.0-b3,2.11,master,2015-01-22T00:07:27Z,2015-01-22T00:08:18Z,tsteur,https://api.github.com/repos/matomo-org/matomo/releases/873114
856987,2.11.0-b2,2.11,master,2015-01-16T02:39:19Z,2015-01-16T02:52:39Z,tsteur,https://api.github.com/repos/matomo-org/matomo/releases/856987
823673,2.10.0,2.10,master,2015-01-05T04:28:02Z,2015-01-05T04:28:27Z,mattab,https://api.github.com/repos/matomo-org/matomo/releases/823673
823265,2.10.0-rc4,2.10,master,2015-01-04T21:43:49Z,2015-01-04T21:48:29Z,mattab,https://api.github.com/repos/matomo-org/matomo/releases/823265
812475,2.10.0-rc3,2.10,master,2014-12-29T01:58:38Z,2014-12-29T01:58:48Z,mattab,https://api.github.com/repos/matomo-org/matomo/releases/812475
812293,2.10.0-rc2,2.10,master,2014-12-28T22:19:40Z,2014-12-28T22:19:52Z,mattab,https://api.github.com/repos/matomo-org/matomo/releases/812293
802098,2.10.0-rc1,2.10,master,2014-12-22T05:08:40Z,2014-12-22T05:09:03Z,mattab,https://api.github.com/repos/matomo-org/matomo/releases/802098
801757,2.10.0-b11,2.10,master,2014-12-21T22:52:45Z,2014-12-21T22:52:54Z,mattab,https://api.github.com/repos/matomo-org/matomo/releases/801757
801741,2.10.0-b10,2.10,master,2014-12-21T22:32:19Z,2014-12-21T22:35:04Z,mattab,https://api.github.com/repos/matomo-org/matomo/releases/801741
789591,2.10.0-b9,2.10,master,2014-12-17T04:36:28Z,2014-12-17T04:36:47Z,mattab,https://api.github.com/repos/matomo-org/matomo/releases/789591
785971,2.10.0-b8,2.10,master,2014-12-16T03:30:21Z,2014-12-16T03:34:30Z,mattab,https://api.github.com/repos/matomo-org/matomo/releases/785971
785909,2.10.0-b7,2.10,master,2014-12-16T02:53:38Z,2014-12-16T02:59:17Z,mattab,https://api.github.com/repos/matomo-org/matomo/releases/785909
766651,2.10.0-b6,2.10,master,2014-12-09T05:41:49Z,2014-12-09T05:42:00Z,mattab,https://api.github.com/repos/matomo-org/matomo/releases/766651
762779,2.10.0-b5,2.10,master,2014-12-07T22:24:13Z,2014-12-07T22:24:42Z,mattab,https://api.github.com/repos/matomo-org/matomo/releases/762779
760566,2.10.0-b4,2.10,master,2014-12-06T01:10:51Z,2014-12-06T01:18:19Z,mattab,https://api.github.com/repos/matomo-org/matomo/releases/760566
753909,2.10.0-b3,2.10,master,2014-12-03T23:13:08Z,2014-12-03T23:13:17Z,mattab,https://api.github.com/repos/matomo-org/matomo/releases/753909
742206,2.10.0-b2,2.10,master,2014-11-29T07:26:11Z,2014-11-29T07:26:45Z,mattab,https://api.github.com/repos/matomo-org/matomo/releases/742206
740512,2.10.0-b1,2.10,master,2014-11-28T08:09:48Z,2014-11-28T10:23:45Z,mattab,https://api.github.com/repos/matomo-org/matomo/releases/740512
718639,2.9.1,2.9,master,2014-11-19T23:30:00Z,2014-11-19T23:34:30Z,mattab,https://api.github.com/repos/matomo-org/matomo/releases/718639
715309,2.9.1-b2,2.9,master,2014-11-18T23:50:08Z,2014-11-18T23:50:22Z,mattab,https://api.github.com/repos/matomo-org/matomo/releases/715309
708736,2.9.1-b1,2.9,master,2014-11-17T00:30:47Z,2014-11-17T00:31:06Z,mattab,https://api.github.com/repos/matomo-org/matomo/releases/708736
700282,2.9.0,2.9,master,2014-11-13T04:41:11Z,2014-11-13T04:41:28Z,mattab,https://api.github.com/repos/matomo-org/matomo/releases/700282
700270,2.9.0-rc2,2.9,master,2014-11-13T04:30:29Z,2014-11-13T04:30:43Z,mattab,https://api.github.com/repos/matomo-org/matomo/releases/700270
700259,2.9.0-rc1,2.9,master,2014-11-13T04:21:34Z,2014-11-13T04:21:43Z,mattab,https://api.github.com/repos/matomo-org/matomo/releases/700259
694598,2.9.0-b9,2.9,master,2014-11-11T10:52:09Z,2014-11-11T11:05:29Z,mattab,https://api.github.com/repos/matomo-org/matomo/releases/694598
690824,2.9.0-b8,2.9,master,2014-11-10T06:09:04Z,2014-11-10T06:09:19Z,mattab,https://api.github.com/repos/matomo-org/matomo/releases/690824
685413,2.9.0-b7,2.9,master,2014-11-07T06:14:16Z,2014-11-07T06:15:36Z,mattab,https://api.github.com/repos/matomo-org/matomo/releases/685413
682219,2.9.0-b6,2.9,master,2014-11-06T05:00:10Z,2014-11-06T05:00:49Z,mattab,https://api.github.com/repos/matomo-org/matomo/releases/682219
682029,2.9.0-b5,2.9,master,2014-11-06T02:21:49Z,2014-11-06T02:22:02Z,mattab,https://api.github.com/repos/matomo-org/matomo/releases/682029
676091,2.9.0-b4,2.9,master,2014-11-04T08:32:51Z,2014-11-04T08:38:59Z,mattab,https://api.github.com/repos/matomo-org/matomo/releases/676091
675693,2.9.0-b3,2.9,master,2014-11-04T02:55:32Z,2014-11-04T02:55:43Z,mattab,https://api.github.com/repos/matomo-org/matomo/releases/675693
675653,2.9.0-b2,2.9,master,2014-11-04T02:30:13Z,2014-11-04T02:30:28Z,mattab,https://api.github.com/repos/matomo-org/matomo/releases/675653
675360,2.9.0-b1,2.9,master,2014-11-03T23:33:24Z,2014-11-03T23:34:33Z,mattab,https://api.github.com/repos/matomo-org/matomo/releases/675360
647126,2.8.3,2.8,master,2014-10-23T01:10:56Z,2014-10-23T01:11:24Z,mattab,https://api.github.com/repos/matomo-org/matomo/releases/647126
646743,2.8.2,2.8,master,2014-10-22T21:34:50Z,2014-10-22T21:39:43Z,mattab,https://api.github.com/repos/matomo-org/matomo/releases/646743
641314,2.8.1,2.8,master,2014-10-21T04:58:51Z,2014-10-21T05:01:27Z,mattab,https://api.github.com/repos/matomo-org/matomo/releases/641314
641303,2.8.1-rc1,2.8,master,2014-10-21T04:38:55Z,2014-10-21T04:53:29Z,mattab,https://api.github.com/repos/matomo-org/matomo/releases/641303
638295,2.8.1-b2,2.8,master,2014-10-20T04:41:36Z,2014-10-20T04:41:50Z,mattab,https://api.github.com/repos/matomo-org/matomo/releases/638295
638290,2.8.1-b1,2.8,master,2014-10-20T04:36:12Z,2014-10-20T04:38:17Z,mattab,https://api.github.com/repos/matomo-org/matomo/releases/638290
624236,2.8.0,2.8,master,2014-10-14T04:41:33Z,2014-10-14T04:41:46Z,mattab,https://api.github.com/repos/matomo-org/matomo/releases/624236
624234,2.8.0-rc2,2.8,master,2014-10-14T04:39:01Z,2014-10-14T04:39:13Z,mattab,https://api.github.com/repos/matomo-org/matomo/releases/624234
621931,2.8.0-rc1,2.8,master,2014-10-13T09:14:50Z,2014-10-13T09:27:51Z,mattab,https://api.github.com/repos/matomo-org/matomo/releases/621931
619845,2.8.0-b3,2.8,master,2014-10-11T11:41:26Z,2014-10-11T14:45:13Z,mattab,https://api.github.com/repos/matomo-org/matomo/releases/619845
594960,2.8.0-b2,2.8,master,2014-10-01T04:18:34Z,2014-10-01T04:18:44Z,mattab,https://api.github.com/repos/matomo-org/matomo/releases/594960
594953,2.8.0-b1,2.8,master,2014-10-01T04:11:15Z,2014-10-01T04:14:52Z,mattab,https://api.github.com/repos/matomo-org/matomo/releases/594953
578608,2.7.0,2.7,master,2014-09-24T03:33:12Z,2014-09-24T03:34:30Z,mattab,https://api.github.com/repos/matomo-org/matomo/releases/578608
578364,2.7.0-rc2,2.7,master,2014-09-24T00:24:15Z,2014-09-24T00:24:27Z,mattab,https://api.github.com/repos/matomo-org/matomo/releases/578364
578314,2.7.0-rc1,2.7,master,2014-09-23T23:46:22Z,2014-09-23T23:46:32Z,mattab,https://api.github.com/repos/matomo-org/matomo/releases/578314
572097,2.7.0-b4,2.7,master,2014-09-21T11:15:06Z,2014-09-21T11:16:25Z,mattab,https://api.github.com/repos/matomo-org/matomo/releases/572097
556039,2.7.0-b3,2.7,master,2014-09-14T09:08:15Z,2014-09-14T09:09:13Z,mattab,https://api.github.com/repos/matomo-org/matomo/releases/556039
540370,2.7.0-b1,2.7,master,2014-09-06T21:04:50Z,2014-09-06T21:05:08Z,mattab,https://api.github.com/repos/matomo-org/matomo/releases/540370
537168,2.6.1,2.6,master,2014-09-05T05:29:56Z,2014-09-05T05:30:10Z,mattab,https://api.github.com/repos/matomo-org/matomo/releases/537168
537137,2.6.1-b1,2.6,master,2014-09-05T05:09:03Z,2014-09-05T05:09:15Z,mattab,https://api.github.com/repos/matomo-org/matomo/releases/537137
536936,2.6.0,2.6,master,2014-09-05T02:13:36Z,2014-09-05T02:14:05Z,mattab,https://api.github.com/repos/matomo-org/matomo/releases/536936
536823,2.6.0-rc4,2.6,master,2014-09-05T00:31:25Z,2014-09-05T00:31:46Z,mattab,https://api.github.com/repos/matomo-org/matomo/releases/536823
536812,2.6.0-rc3,2.6,master,2014-09-05T00:20:59Z,2014-09-05T00:22:26Z,mattab,https://api.github.com/repos/matomo-org/matomo/releases/536812
536798,2.6.0-rc2,2.6,master,2014-09-05T00:08:14Z,2014-09-05T00:09:10Z,mattab,https://api.github.com/repos/matomo-org/matomo/releases/536798
534009,2.6.0-rc1,2.6,master,2014-09-03T22:36:03Z,2014-09-03T22:36:17Z,mattab,https://api.github.com/repos/matomo-org/matomo/releases/534009
518368,2.6.0-b1,2.6,master,2014-08-27T14:43:34Z,2014-08-27T14:43:51Z,mattab,https://api.github.com/repos/matomo-org/matomo/releases/518368
516734,2.5.1-b1,2.5,master,2014-08-26T21:50:56Z,2014-08-26T21:51:20Z,mattab,https://api.github.com/repos/matomo-org/matomo/releases/516734
493700,2.5.0,2.5,master,2014-08-15T13:05:29Z,2014-08-15T13:08:06Z,mattab,https://api.github.com/repos/matomo-org/matomo/releases/493700
493494,2.5.0-rc4,2.5,master,2014-08-15T10:25:24Z,2014-08-15T10:58:49Z,mattab,https://api.github.com/repos/matomo-org/matomo/releases/493494
491354,2.5.0-rc3,2.5,master,2014-08-14T13:52:42Z,2014-08-14T13:53:17Z,mattab,https://api.github.com/repos/matomo-org/matomo/releases/491354
489725,2.5.0-rc2,2.5,master,2014-08-13T20:40:23Z,2014-08-13T20:40:35Z,mattab,https://api.github.com/repos/matomo-org/matomo/releases/489725
488545,2.5.0-rc1,2.5,master,2014-08-13T12:39:25Z,2014-08-13T12:39:33Z,mattab,https://api.github.com/repos/matomo-org/matomo/releases/488545
485887,2.5.0-b3,2.5,master,2014-08-12T11:45:20Z,2014-08-12T11:45:26Z,mattab,https://api.github.com/repos/matomo-org/matomo/releases/485887
470664,2.5.0-b2,2.5,master,2014-08-04T21:51:17Z,2014-08-04T21:52:59Z,mattab,https://api.github.com/repos/matomo-org/matomo/releases/470664
470427,2.5.0-b1,2.5,master,2014-08-04T19:38:19Z,2014-08-04T19:50:46Z,mattab,https://api.github.com/repos/matomo-org/matomo/releases/470427
423646,2.4.1-rc1,2.4,master,2014-07-11T08:18:44Z,2014-07-11T08:19:03Z,mattab,https://api.github.com/repos/matomo-org/matomo/releases/423646
423687,2.4.1,2.4,master,2014-07-11T08:31:54Z,2014-07-11T08:34:45Z,mattab,https://api.github.com/repos/matomo-org/matomo/releases/423687
406644,2.4.0,2.4,master,2014-07-02T06:05:41Z,2014-07-02T06:13:18Z,mattab,https://api.github.com/repos/matomo-org/matomo/releases/406644
404552,2.4.0-rc1,2.4,master,2014-07-01T10:47:10Z,2014-07-01T10:50:05Z,mattab,https://api.github.com/repos/matomo-org/matomo/releases/404552
395371,2.4.0-b8,2.4,master,2014-06-26T00:25:20Z,2014-06-26T00:36:53Z,mattab,https://api.github.com/repos/matomo-org/matomo/releases/395371
388745,2.4.0-b7,2.4,master,2014-06-23T05:13:43Z,2014-06-23T05:14:02Z,mattab,https://api.github.com/repos/matomo-org/matomo/releases/388745
369658,2.4.0-b6,2.4,master,2014-06-11T19:53:46Z,2014-06-11T22:21:49Z,mattab,https://api.github.com/repos/matomo-org/matomo/releases/369658
362740,2.4.0-b5,2.4,master,2014-06-08T02:54:42Z,2014-06-08T02:54:55Z,mattab,https://api.github.com/repos/matomo-org/matomo/releases/362740
362707,2.4.0-b4,2.4,master,2014-06-08T02:10:38Z,2014-06-08T02:11:22Z,mattab,https://api.github.com/repos/matomo-org/matomo/releases/362707
347496,2.4.0-b3,2.4,master,2014-05-30T04:05:40Z,2014-05-30T04:06:06Z,mattab,https://api.github.com/repos/matomo-org/matomo/releases/347496
342925,2.4.0-b2,2.4,master,2014-05-28T01:25:10Z,2014-05-28T01:31:34Z,mattab,https://api.github.com/repos/matomo-org/matomo/releases/342925
339456,2.3.0,2.3,master,2014-05-26T03:06:15Z,2014-05-26T03:07:14Z,mattab,https://api.github.com/repos/matomo-org/matomo/releases/339456
338008,2.3.0-rc4,2.3,master,2014-05-24T07:46:34Z,2014-05-24T07:47:18Z,mattab,https://api.github.com/repos/matomo-org/matomo/releases/338008
337931,2.3.0-rc3,2.3,master,2014-05-24T04:38:06Z,2014-05-24T04:41:04Z,mattab,https://api.github.com/repos/matomo-org/matomo/releases/337931
335952,2.3.0-rc2,2.3,master,2014-05-23T02:59:16Z,2014-05-23T03:04:23Z,mattab,https://api.github.com/repos/matomo-org/matomo/releases/335952
335924,2.3.0-rc1,2.3,master,2014-05-23T02:28:05Z,2014-05-23T02:33:01Z,mattab,https://api.github.com/repos/matomo-org/matomo/releases/335924
331471,2.2.3-b7,2.2,master,2014-05-20T23:24:42Z,2014-05-20T23:32:41Z,mattab,https://api.github.com/repos/matomo-org/matomo/releases/331471
323302,2.2.3-b6,2.2,master,2014-05-15T23:17:26Z,2014-05-15T23:20:13Z,mattab,https://api.github.com/repos/matomo-org/matomo/releases/323302
317147,2.2.3-b4,2.2,master,2014-05-13T06:46:41Z,2014-05-13T06:47:56Z,mattab,https://api.github.com/repos/matomo-org/matomo/releases/317147
311499,2.2.3-b2,2.2,master,2014-05-09T05:29:06Z,2014-05-09T05:35:48Z,mattab,https://api.github.com/repos/matomo-org/matomo/releases/311499
311322,2.2.3-b1,2.2,master,2014-05-09T01:55:33Z,2014-05-09T01:56:55Z,mattab,https://api.github.com/repos/matomo-org/matomo/releases/311322
309464,2.2.2,2.2,master,2014-05-08T06:14:42Z,2014-05-08T06:16:42Z,mattab,https://api.github.com/repos/matomo-org/matomo/releases/309464
307016,2.2.2-b1,2.2,master,2014-05-07T02:30:21Z,2014-05-07T02:37:44Z,mattab,https://api.github.com/repos/matomo-org/matomo/releases/307016
305124,2.2.1,2.2,master,2014-05-06T05:39:23Z,2014-05-06T05:39:52Z,mattab,https://api.github.com/repos/matomo-org/matomo/releases/305124
303679,2.2.1-rc3,2.2,master,2014-05-05T12:17:18Z,2014-05-05T12:17:32Z,mattab,https://api.github.com/repos/matomo-org/matomo/releases/303679
303142,2.2.1-rc2,2.2,master,2014-05-05T03:45:49Z,2014-05-05T03:47:28Z,mattab,https://api.github.com/repos/matomo-org/matomo/releases/303142
303095,2.2.1-rc1,2.2,master,2014-05-05T02:40:13Z,2014-05-05T02:43:17Z,mattab,https://api.github.com/repos/matomo-org/matomo/releases/303095
302895,2.2.1-b4,2.2,master,2014-05-04T22:09:13Z,2014-05-04T22:09:42Z,mattab,https://api.github.com/repos/matomo-org/matomo/releases/302895
302174,2.2.1-b3,2.2,master,2014-05-04T06:19:00Z,2014-05-04T06:19:45Z,mattab,https://api.github.com/repos/matomo-org/matomo/releases/302174
302082,2.2.1-b2,2.2,master,2014-05-04T03:22:41Z,2014-05-04T03:22:55Z,mattab,https://api.github.com/repos/matomo-org/matomo/releases/302082
299471,2.2.1-b1,2.2,master,2014-05-02T01:44:12Z,2014-05-02T01:44:28Z,mattab,https://api.github.com/repos/matomo-org/matomo/releases/299471
276064,2.2.0-rc4,2.2,master,2014-04-17T04:28:45Z,2014-04-17T04:29:09Z,mattab,https://api.github.com/repos/matomo-org/matomo/releases/276064
276083,2.2.0,2.2,master,2014-04-17T05:00:35Z,2014-04-17T05:01:34Z,mattab,https://api.github.com/repos/matomo-org/matomo/releases/276083
274380,2.2.0-rc3,2.2,master,2014-04-16T10:00:49Z,2014-04-16T10:02:04Z,mattab,https://api.github.com/repos/matomo-org/matomo/releases/274380
270436,2.2.0-rc2,2.2,master,2014-04-14T08:05:01Z,2014-04-14T08:05:18Z,mattab,https://api.github.com/repos/matomo-org/matomo/releases/270436
270336,2.2.0-rc1,2.2,master,2014-04-14T05:15:19Z,2014-04-14T05:42:12Z,mattab,https://api.github.com/repos/matomo-org/matomo/releases/270336
261566,2.2.0-b18,2.2,master,2014-04-08T04:05:34Z,2014-04-08T04:05:46Z,mattab,https://api.github.com/repos/matomo-org/matomo/releases/261566
261053,2.2.0-b17,2.2,master,2014-04-07T20:56:49Z,2014-04-07T20:59:13Z,mattab,https://api.github.com/repos/matomo-org/matomo/releases/261053
259713,2.2.0-b16,2.2,master,2014-04-07T07:27:14Z,2014-04-07T07:28:05Z,mattab,https://api.github.com/repos/matomo-org/matomo/releases/259713
259647,2.2.0-b15,2.2,master,2014-04-07T05:51:43Z,2014-04-07T05:52:23Z,mattab,https://api.github.com/repos/matomo-org/matomo/releases/259647
259524,2.2.0-b14,2.2,master,2014-04-07T02:44:23Z,2014-04-07T02:45:13Z,mattab,https://api.github.com/repos/matomo-org/matomo/releases/259524
259485,2.2.0-b13,2.2,master,2014-04-07T01:37:51Z,2014-04-07T01:40:35Z,mattab,https://api.github.com/repos/matomo-org/matomo/releases/259485
257904,2.1.1-b12,2.1,master,2014-04-04T23:08:12Z,2014-04-04T23:18:30Z,mattab,https://api.github.com/repos/matomo-org/matomo/releases/257904
249886,2.1.1-b10,2.1,master,2014-03-31T22:42:36Z,2014-03-31T22:43:19Z,mattab,https://api.github.com/repos/matomo-org/matomo/releases/249886
246775,2.1.1-b9,2.1,master,2014-03-29T06:17:24Z,2014-03-29T06:17:44Z,mattab,https://api.github.com/repos/matomo-org/matomo/releases/246775
242607,2.1.1-b8,2.1,master,2014-03-26T22:45:15Z,2014-03-26T22:45:32Z,mattab,https://api.github.com/repos/matomo-org/matomo/releases/242607
242553,2.1.1-b7,2.1,master,2014-03-26T22:09:01Z,2014-03-26T22:09:18Z,mattab,https://api.github.com/repos/matomo-org/matomo/releases/242553
235419,2.1.1-b6,2.1,master,2014-03-22T00:07:05Z,2014-03-22T00:19:22Z,mattab,https://api.github.com/repos/matomo-org/matomo/releases/235419
233731,2.1.1-b4,2.1,master,2014-03-21T04:02:33Z,2014-03-21T04:03:56Z,mattab,https://api.github.com/repos/matomo-org/matomo/releases/233731
219741,2.1.1-b3,2.1,master,2014-03-12T01:00:58Z,2014-03-12T01:01:24Z,mattab,https://api.github.com/repos/matomo-org/matomo/releases/219741
218635,2.1.1-b2,2.1,master,2014-03-11T12:05:42Z,2014-03-11T12:07:32Z,mattab,https://api.github.com/repos/matomo-org/matomo/releases/218635
210075,2.1.1-b1,2.1,master,2014-03-05T01:39:19Z,2014-03-05T01:47:35Z,mattab,https://api.github.com/repos/matomo-org/matomo/releases/210075
208416,2.1.0-rc12,2.1,branch-2.1,2014-03-04T03:23:17Z,2014-03-04T03:23:37Z,mattab,https://api.github.com/repos/matomo-org/matomo/releases/208416
208413,2.1.0-rc11,2.1,branch-2.1,2014-03-04T02:42:46Z,2014-03-04T03:16:17Z,mattab,https://api.github.com/repos/matomo-org/matomo/releases/208413
208455,2.1.0,2.1,branch-2.1,2014-03-04T04:20:36Z,2014-03-04T04:21:00Z,mattab,https://api.github.com/repos/matomo-org/matomo/releases/208455
197343,2.1.0-rc10,2.1,branch-2.1,2014-02-24T02:54:56Z,2014-02-24T02:57:26Z,mattab,https://api.github.com/repos/matomo-org/matomo/releases/197343
194502,2.1-rc8,2.1-rc8,master,2014-02-21T04:59:40Z,2014-02-21T04:59:59Z,mattab,https://api.github.com/repos/matomo-org/matomo/releases/194502
193333,2.1-rc7,2.1-rc7,master,2014-02-20T12:35:31Z,2014-02-20T12:35:49Z,mattab,https://api.github.com/repos/matomo-org/matomo/releases/193333
192991,2.1-rc6,2.1-rc6,master,2014-02-20T06:21:16Z,2014-02-20T06:35:20Z,mattab,https://api.github.com/repos/matomo-org/matomo/releases/192991
191636,2.1-rc4,2.1-rc4,master,2014-02-19T10:14:48Z,2014-02-19T10:16:54Z,mattab,https://api.github.com/repos/matomo-org/matomo/releases/191636
189876,2.1-rc3,2.1-rc3,master,2014-02-18T05:19:02Z,2014-02-18T05:19:36Z,mattab,https://api.github.com/repos/matomo-org/matomo/releases/189876
189866,2.1-rc2,2.1-rc2,master,2014-02-18T05:08:03Z,2014-02-18T05:08:23Z,mattab,https://api.github.com/repos/matomo-org/matomo/releases/189866
182494,2.1-rc1,2.1-rc1,master,2014-02-12T02:23:30Z,2014-02-12T02:24:55Z,mattab,https://api.github.com/repos/matomo-org/matomo/releases/182494
179381,2.0.4-b12,2.0,master,2014-02-10T03:17:38Z,2014-02-10T03:17:58Z,mattab,https://api.github.com/repos/matomo-org/matomo/releases/179381
174762,2.0.4-b11,2.0,master,2014-02-05T22:07:17Z,2014-02-05T22:13:40Z,mattab,https://api.github.com/repos/matomo-org/matomo/releases/174762
173955,2.0.4-b10,2.0,master,2014-02-05T12:28:26Z,2014-02-05T12:28:43Z,mattab,https://api.github.com/repos/matomo-org/matomo/releases/173955
173100,2.0.4-b8,2.0,master,2014-02-04T19:44:28Z,2014-02-04T19:45:04Z,mattab,https://api.github.com/repos/matomo-org/matomo/releases/173100
170561,2.0.4-b7,2.0,master,2014-02-03T03:34:21Z,2014-02-03T03:35:35Z,mattab,https://api.github.com/repos/matomo-org/matomo/releases/170561
166176,2.0.4-b6,2.0,master,2014-01-30T07:15:35Z,2014-01-30T07:16:50Z,mattab,https://api.github.com/repos/matomo-org/matomo/releases/166176
165964,2.0.4-b5,2.0,master,2014-01-30T01:34:25Z,2014-01-30T01:34:59Z,mattab,https://api.github.com/repos/matomo-org/matomo/releases/165964
157751,2.0.4-b4,2.0,master,2014-01-22T22:53:21Z,2014-01-22T22:53:44Z,mattab,https://api.github.com/repos/matomo-org/matomo/releases/157751
155091,2.0.4-b3,2.0,master,2014-01-21T02:56:31Z,2014-01-21T02:57:32Z,mattab,https://api.github.com/repos/matomo-org/matomo/releases/155091
153994,2.0.4-b2,2.0,master,2014-01-20T05:41:13Z,2014-01-20T05:44:33Z,mattab,https://api.github.com/repos/matomo-org/matomo/releases/153994
149641,2.0.4-b1,2.0,master,2014-01-15T22:22:51Z,2014-01-15T22:24:16Z,mattab,https://api.github.com/repos/matomo-org/matomo/releases/149641
146053,2.0.3-rc1,2.0,master,2014-01-13T04:46:46Z,2014-01-13T04:47:05Z,mattab,https://api.github.com/repos/matomo-org/matomo/releases/146053
146018,2.0.3-b7,2.0,master,2014-01-13T03:34:55Z,2014-01-13T03:42:40Z,mattab,https://api.github.com/repos/matomo-org/matomo/releases/146018
146360,2.0.3,2.0,master,2014-01-13T12:34:39Z,2014-01-13T12:36:22Z,mattab,https://api.github.com/repos/matomo-org/matomo/releases/146360
142353,2.0.3-b6,2.0,master,2014-01-09T07:36:01Z,2014-01-09T07:40:08Z,mattab,https://api.github.com/repos/matomo-org/matomo/releases/142353
142339,2.0.3-b5,2.0,master,2014-01-09T06:53:20Z,2014-01-09T06:54:10Z,mattab,https://api.github.com/repos/matomo-org/matomo/releases/142339
