,just_month,Bug,Enhancement,answered,Major,duplicate,Task,worksforme,wontfix,not-in-changelog,c: Usability
0,2008-01-01,23,46.0,0.0,51.0,10.0,18.0,3.0,18.0,0.0,0.0
1,2008-02-01,14,6.0,0.0,25.0,5.0,10.0,0.0,5.0,0.0,0.0
2,2008-03-01,28,9.0,0.0,23.0,3.0,0.0,1.0,7.0,0.0,0.0
3,2008-04-01,28,7.0,0.0,25.0,6.0,1.0,0.0,9.0,0.0,0.0
4,2008-05-01,27,6.0,0.0,17.0,5.0,0.0,0.0,9.0,0.0,0.0
5,2008-06-01,27,5.0,0.0,26.0,3.0,2.0,0.0,12.0,0.0,0.0
6,2008-07-01,24,18.0,0.0,28.0,4.0,4.0,1.0,7.0,0.0,0.0
7,2008-08-01,23,4.0,0.0,14.0,7.0,6.0,0.0,12.0,0.0,0.0
8,2008-09-01,11,4.0,0.0,12.0,4.0,3.0,1.0,6.0,0.0,0.0
9,2008-10-01,26,11.0,0.0,29.0,5.0,1.0,0.0,9.0,0.0,0.0
10,2008-11-01,27,9.0,0.0,20.0,7.0,4.0,2.0,7.0,0.0,0.0
11,2008-12-01,19,16.0,0.0,19.0,5.0,1.0,2.0,14.0,0.0,0.0
12,2009-01-01,34,11.0,0.0,21.0,11.0,2.0,3.0,10.0,0.0,0.0
13,2009-02-01,22,17.0,0.0,24.0,10.0,2.0,2.0,2.0,1.0,1.0
14,2009-03-01,46,19.0,0.0,39.0,4.0,2.0,4.0,14.0,0.0,0.0
15,2009-04-01,33,13.0,0.0,15.0,6.0,0.0,6.0,16.0,0.0,0.0
16,2009-05-01,44,20.0,0.0,23.0,9.0,0.0,7.0,11.0,0.0,0.0
17,2009-06-01,68,27.0,0.0,57.0,11.0,0.0,7.0,23.0,0.0,0.0
18,2009-07-01,34,14.0,0.0,16.0,5.0,0.0,5.0,10.0,0.0,0.0
19,2009-08-01,46,17.0,0.0,17.0,8.0,4.0,0.0,14.0,0.0,1.0
20,2009-09-01,27,9.0,0.0,12.0,5.0,0.0,1.0,9.0,0.0,0.0
21,2009-10-01,25,7.0,0.0,15.0,9.0,1.0,2.0,4.0,0.0,0.0
22,2009-11-01,9,13.0,0.0,9.0,4.0,0.0,0.0,7.0,0.0,1.0
23,2009-12-01,30,13.0,0.0,14.0,2.0,0.0,1.0,13.0,0.0,0.0
24,2010-01-01,23,12.0,0.0,9.0,4.0,0.0,2.0,9.0,0.0,0.0
25,2010-02-01,29,16.0,0.0,20.0,6.0,2.0,2.0,12.0,0.0,0.0
26,2010-03-01,58,25.0,0.0,32.0,4.0,0.0,4.0,31.0,0.0,1.0
27,2010-04-01,41,13.0,0.0,23.0,11.0,0.0,2.0,13.0,0.0,0.0
28,2010-05-01,60,23.0,0.0,27.0,14.0,2.0,0.0,11.0,0.0,0.0
29,2010-06-01,41,10.0,0.0,19.0,5.0,0.0,2.0,7.0,0.0,0.0
30,2010-07-01,65,18.0,0.0,34.0,8.0,2.0,5.0,12.0,0.0,0.0
31,2010-08-01,63,29.0,0.0,39.0,14.0,11.0,5.0,22.0,0.0,0.0
32,2010-09-01,44,25.0,0.0,25.0,19.0,10.0,7.0,14.0,1.0,0.0
33,2010-10-01,32,8.0,0.0,6.0,8.0,6.0,11.0,6.0,0.0,0.0
34,2010-11-01,34,19.0,0.0,10.0,5.0,5.0,9.0,8.0,0.0,0.0
35,2010-12-01,32,17.0,0.0,7.0,6.0,9.0,6.0,12.0,1.0,0.0
36,2011-01-01,82,27.0,2.0,15.0,19.0,13.0,16.0,19.0,1.0,0.0
37,2011-02-01,24,16.0,0.0,5.0,6.0,5.0,13.0,4.0,0.0,0.0
38,2011-03-01,60,30.0,0.0,12.0,11.0,23.0,16.0,10.0,0.0,0.0
39,2011-04-01,69,43.0,0.0,15.0,7.0,22.0,20.0,11.0,1.0,0.0
40,2011-05-01,35,25.0,0.0,13.0,9.0,13.0,9.0,11.0,0.0,2.0
41,2011-06-01,44,15.0,0.0,11.0,14.0,7.0,12.0,11.0,0.0,1.0
42,2011-07-01,42,21.0,0.0,8.0,12.0,2.0,5.0,17.0,0.0,0.0
43,2011-08-01,24,11.0,0.0,4.0,6.0,2.0,10.0,5.0,0.0,0.0
44,2011-09-01,24,15.0,0.0,7.0,5.0,0.0,3.0,4.0,0.0,0.0
45,2011-10-01,39,18.0,1.0,13.0,9.0,3.0,12.0,5.0,0.0,1.0
46,2011-11-01,29,24.0,0.0,10.0,9.0,3.0,12.0,11.0,0.0,1.0
47,2011-12-01,19,10.0,0.0,7.0,2.0,5.0,3.0,4.0,0.0,0.0
48,2012-01-01,26,21.0,1.0,1.0,8.0,3.0,8.0,10.0,0.0,2.0
49,2012-02-01,58,14.0,0.0,18.0,10.0,18.0,12.0,11.0,0.0,3.0
50,2012-03-01,57,16.0,0.0,18.0,9.0,11.0,10.0,14.0,0.0,1.0
51,2012-04-01,27,13.0,0.0,14.0,5.0,11.0,7.0,8.0,1.0,1.0
52,2012-05-01,17,13.0,0.0,5.0,4.0,3.0,2.0,5.0,0.0,2.0
53,2012-06-01,57,22.0,0.0,18.0,15.0,5.0,11.0,12.0,0.0,2.0
54,2012-07-01,22,13.0,0.0,5.0,7.0,6.0,2.0,7.0,0.0,0.0
55,2012-08-01,26,27.0,0.0,7.0,9.0,7.0,8.0,5.0,0.0,1.0
56,2012-09-01,33,12.0,0.0,8.0,5.0,4.0,9.0,9.0,2.0,3.0
57,2012-10-01,53,20.0,0.0,20.0,11.0,9.0,17.0,7.0,1.0,1.0
58,2012-11-01,47,24.0,2.0,17.0,7.0,8.0,14.0,11.0,0.0,2.0
59,2012-12-01,25,20.0,0.0,10.0,9.0,9.0,10.0,6.0,0.0,0.0
60,2013-01-01,41,20.0,2.0,6.0,8.0,8.0,16.0,13.0,1.0,1.0
61,2013-02-01,33,15.0,2.0,9.0,12.0,14.0,8.0,3.0,0.0,0.0
62,2013-03-01,39,36.0,1.0,8.0,7.0,4.0,13.0,7.0,0.0,0.0
63,2013-04-01,29,15.0,1.0,9.0,3.0,7.0,15.0,2.0,0.0,1.0
64,2013-05-01,26,13.0,1.0,5.0,4.0,4.0,11.0,2.0,0.0,0.0
65,2013-06-01,22,2.0,0.0,5.0,3.0,7.0,5.0,0.0,0.0,0.0
66,2013-07-01,18,11.0,0.0,5.0,4.0,2.0,9.0,2.0,0.0,1.0
67,2013-08-01,17,12.0,1.0,5.0,0.0,4.0,11.0,3.0,1.0,0.0
68,2013-09-01,25,24.0,1.0,18.0,3.0,22.0,14.0,2.0,0.0,2.0
69,2013-10-01,28,27.0,0.0,15.0,6.0,16.0,12.0,7.0,0.0,1.0
70,2013-11-01,34,26.0,0.0,10.0,2.0,18.0,17.0,1.0,2.0,0.0
71,2013-12-01,70,20.0,1.0,13.0,11.0,9.0,24.0,3.0,1.0,5.0
72,2014-01-01,59,42.0,0.0,23.0,14.0,14.0,14.0,9.0,1.0,5.0
73,2014-02-01,54,28.0,1.0,22.0,11.0,19.0,8.0,9.0,1.0,2.0
74,2014-03-01,56,25.0,2.0,12.0,15.0,13.0,22.0,7.0,1.0,4.0
75,2014-04-01,71,24.0,2.0,15.0,14.0,22.0,26.0,3.0,1.0,7.0
76,2014-05-01,79,47.0,8.0,17.0,15.0,26.0,28.0,5.0,2.0,6.0
77,2014-06-01,61,36.0,8.0,25.0,14.0,25.0,26.0,8.0,1.0,6.0
78,2014-07-01,72,20.0,6.0,19.0,10.0,15.0,31.0,8.0,0.0,2.0
79,2014-08-01,62,54.0,10.0,25.0,8.0,43.0,25.0,7.0,2.0,8.0
80,2014-09-01,62,73.0,14.0,26.0,21.0,43.0,30.0,14.0,3.0,16.0
81,2014-10-01,39,31.0,11.0,16.0,20.0,50.0,18.0,17.0,2.0,11.0
82,2014-11-01,46,43.0,17.0,10.0,12.0,26.0,8.0,5.0,4.0,20.0
83,2014-12-01,35,31.0,16.0,16.0,9.0,32.0,10.0,2.0,1.0,14.0
84,2015-01-01,49,25.0,27.0,11.0,12.0,25.0,4.0,2.0,13.0,20.0
85,2015-02-01,43,37.0,27.0,14.0,20.0,33.0,9.0,4.0,4.0,12.0
86,2015-03-01,43,38.0,41.0,18.0,21.0,53.0,8.0,3.0,12.0,21.0
87,2015-04-01,27,19.0,29.0,4.0,12.0,27.0,8.0,5.0,13.0,7.0
88,2015-05-01,45,19.0,39.0,4.0,11.0,19.0,3.0,5.0,9.0,11.0
89,2015-06-01,27,15.0,35.0,11.0,15.0,20.0,4.0,6.0,25.0,6.0
90,2015-07-01,35,11.0,39.0,7.0,13.0,5.0,9.0,6.0,12.0,8.0
91,2015-08-01,23,20.0,30.0,6.0,21.0,3.0,8.0,9.0,13.0,12.0
92,2015-09-01,32,21.0,15.0,7.0,13.0,6.0,6.0,13.0,16.0,9.0
93,2015-10-01,33,20.0,29.0,9.0,20.0,4.0,11.0,11.0,32.0,19.0
94,2015-11-01,29,25.0,32.0,9.0,17.0,2.0,7.0,4.0,6.0,14.0
95,2015-12-01,15,20.0,18.0,5.0,5.0,5.0,4.0,2.0,6.0,14.0
96,2016-01-01,29,21.0,22.0,5.0,14.0,2.0,7.0,5.0,11.0,13.0
97,2016-02-01,29,29.0,32.0,3.0,16.0,1.0,14.0,3.0,9.0,22.0
98,2016-03-01,29,19.0,22.0,3.0,7.0,2.0,4.0,5.0,4.0,8.0
99,2016-04-01,11,14.0,19.0,2.0,6.0,3.0,4.0,2.0,6.0,5.0
100,2016-05-01,22,11.0,28.0,2.0,5.0,0.0,1.0,3.0,4.0,6.0
101,2016-06-01,5,14.0,19.0,1.0,5.0,0.0,1.0,2.0,1.0,5.0
102,2016-07-01,16,14.0,6.0,1.0,5.0,0.0,1.0,2.0,3.0,6.0
103,2016-08-01,17,12.0,15.0,1.0,3.0,4.0,5.0,1.0,4.0,1.0
104,2016-09-01,14,19.0,23.0,1.0,7.0,0.0,5.0,0.0,15.0,6.0
105,2016-10-01,14,10.0,43.0,5.0,7.0,0.0,1.0,2.0,17.0,13.0
106,2016-11-01,9,7.0,25.0,1.0,2.0,0.0,2.0,2.0,5.0,4.0
107,2016-12-01,26,11.0,23.0,4.0,11.0,0.0,5.0,4.0,14.0,11.0
108,2017-01-01,15,6.0,35.0,0.0,17.0,0.0,6.0,2.0,5.0,4.0
109,2017-02-01,11,5.0,25.0,2.0,8.0,0.0,7.0,2.0,4.0,4.0
110,2017-03-01,13,7.0,30.0,2.0,10.0,0.0,9.0,1.0,10.0,4.0
111,2017-04-01,11,5.0,25.0,2.0,3.0,0.0,2.0,1.0,3.0,2.0
112,2017-05-01,8,4.0,14.0,0.0,4.0,0.0,2.0,1.0,8.0,3.0
113,2017-06-01,11,1.0,16.0,0.0,4.0,0.0,3.0,0.0,4.0,2.0
114,2017-07-01,8,0.0,12.0,1.0,2.0,0.0,1.0,1.0,5.0,2.0
115,2017-08-01,7,3.0,16.0,2.0,30.0,1.0,1.0,1.0,1.0,1.0
116,2017-09-01,14,4.0,23.0,1.0,12.0,0.0,1.0,1.0,4.0,1.0
117,2017-10-01,12,5.0,15.0,2.0,3.0,0.0,1.0,0.0,4.0,1.0
118,2017-11-01,6,4.0,10.0,2.0,1.0,1.0,0.0,0.0,6.0,3.0
119,2017-12-01,6,4.0,13.0,2.0,2.0,0.0,2.0,0.0,3.0,0.0
120,2018-01-01,4,5.0,18.0,2.0,3.0,1.0,1.0,1.0,6.0,5.0
121,2018-02-01,3,7.0,14.0,1.0,4.0,0.0,1.0,1.0,5.0,1.0
122,2018-03-01,12,5.0,10.0,1.0,4.0,0.0,0.0,0.0,7.0,14.0
123,2018-04-01,3,6.0,14.0,3.0,2.0,0.0,4.0,1.0,3.0,4.0
124,2018-05-01,18,19.0,29.0,6.0,7.0,2.0,7.0,4.0,10.0,12.0
125,2018-06-01,8,3.0,16.0,1.0,5.0,0.0,6.0,0.0,5.0,1.0
126,2018-07-01,10,12.0,19.0,1.0,4.0,0.0,4.0,3.0,10.0,4.0
127,2018-08-01,12,10.0,12.0,3.0,4.0,0.0,6.0,3.0,8.0,6.0
128,2018-09-01,15,5.0,19.0,0.0,2.0,2.0,4.0,4.0,4.0,6.0
129,2018-10-01,8,6.0,17.0,3.0,2.0,0.0,1.0,1.0,4.0,7.0
130,2018-11-01,7,10.0,16.0,3.0,5.0,1.0,4.0,0.0,6.0,9.0
131,2018-12-01,6,7.0,12.0,0.0,5.0,0.0,7.0,1.0,8.0,4.0
132,2019-01-01,9,5.0,18.0,0.0,6.0,0.0,1.0,1.0,6.0,5.0
133,2019-02-01,7,13.0,14.0,3.0,1.0,0.0,2.0,1.0,2.0,2.0
134,2019-03-01,13,9.0,25.0,0.0,10.0,3.0,6.0,4.0,15.0,5.0
135,2019-04-01,11,4.0,23.0,2.0,5.0,2.0,0.0,3.0,6.0,4.0
136,2019-05-01,13,3.0,14.0,1.0,8.0,2.0,1.0,1.0,6.0,2.0
137,2019-06-01,9,5.0,11.0,2.0,2.0,1.0,4.0,1.0,8.0,1.0
138,2019-07-01,10,1.0,21.0,2.0,2.0,2.0,1.0,2.0,4.0,5.0
139,2019-08-01,11,8.0,16.0,2.0,4.0,1.0,1.0,0.0,4.0,4.0
140,2019-09-01,10,1.0,15.0,1.0,3.0,1.0,0.0,0.0,1.0,2.0
141,2019-10-01,20,9.0,12.0,4.0,3.0,1.0,7.0,2.0,7.0,8.0
142,2019-11-01,11,9.0,20.0,0.0,3.0,2.0,2.0,3.0,4.0,4.0
143,2019-12-01,13,5.0,18.0,2.0,7.0,0.0,3.0,1.0,2.0,6.0
144,2020-01-01,11,11.0,17.0,3.0,9.0,1.0,3.0,2.0,7.0,4.0
145,2020-02-01,19,6.0,11.0,1.0,6.0,0.0,5.0,0.0,8.0,6.0
146,2020-03-01,12,3.0,16.0,1.0,7.0,0.0,0.0,0.0,6.0,1.0
147,2020-04-01,12,9.0,13.0,1.0,2.0,0.0,1.0,2.0,6.0,5.0
148,2020-05-01,5,9.0,13.0,0.0,4.0,3.0,2.0,0.0,7.0,2.0
149,2020-06-01,5,9.0,15.0,0.0,1.0,6.0,1.0,0.0,7.0,3.0
150,2020-07-01,5,8.0,11.0,1.0,1.0,3.0,0.0,0.0,4.0,4.0
151,2020-08-01,7,9.0,12.0,1.0,6.0,1.0,1.0,0.0,3.0,2.0
152,2020-09-01,19,9.0,10.0,2.0,1.0,2.0,0.0,2.0,16.0,5.0
153,2020-10-01,17,2.0,11.0,0.0,2.0,3.0,1.0,3.0,9.0,5.0
154,2020-11-01,7,3.0,14.0,0.0,6.0,6.0,0.0,0.0,17.0,10.0
155,2020-12-01,18,6.0,33.0,2.0,4.0,2.0,1.0,1.0,8.0,6.0
156,2021-01-01,12,7.0,26.0,2.0,8.0,4.0,0.0,0.0,1.0,3.0
157,2021-02-01,11,9.0,14.0,0.0,3.0,0.0,1.0,2.0,4.0,1.0
158,2021-03-01,17,6.0,8.0,1.0,3.0,3.0,0.0,0.0,4.0,4.0
159,2021-04-01,8,6.0,14.0,1.0,3.0,1.0,0.0,1.0,0.0,3.0
160,2021-05-01,18,7.0,12.0,0.0,1.0,0.0,0.0,1.0,9.0,7.0
161,2021-06-01,5,6.0,8.0,0.0,1.0,1.0,0.0,0.0,3.0,0.0
162,2021-07-01,16,12.0,13.0,1.0,3.0,0.0,0.0,2.0,2.0,4.0
163,2021-08-01,17,5.0,5.0,1.0,2.0,0.0,2.0,0.0,2.0,3.0
164,2021-09-01,10,12.0,5.0,2.0,3.0,7.0,1.0,0.0,4.0,6.0
165,2021-10-01,16,13.0,12.0,4.0,2.0,3.0,0.0,0.0,9.0,2.0
166,2021-11-01,19,13.0,6.0,2.0,4.0,2.0,2.0,0.0,5.0,1.0
167,2021-12-01,14,7.0,10.0,0.0,1.0,1.0,2.0,0.0,5.0,1.0
168,2022-01-01,16,11.0,6.0,1.0,3.0,3.0,2.0,0.0,8.0,1.0
169,2022-02-01,26,14.0,5.0,2.0,4.0,1.0,2.0,0.0,14.0,1.0
170,2022-03-01,22,17.0,5.0,0.0,5.0,0.0,1.0,0.0,7.0,4.0
171,2022-04-01,10,21.0,8.0,1.0,2.0,1.0,2.0,0.0,3.0,1.0
172,2022-05-01,15,19.0,9.0,2.0,6.0,0.0,4.0,1.0,6.0,3.0
173,2022-06-01,11,19.0,3.0,1.0,6.0,1.0,1.0,0.0,5.0,0.0
174,2022-07-01,15,13.0,8.0,0.0,2.0,2.0,0.0,0.0,15.0,0.0
175,2022-08-01,9,23.0,12.0,1.0,1.0,0.0,0.0,0.0,2.0,2.0
176,2022-09-01,12,12.0,9.0,0.0,3.0,0.0,0.0,0.0,3.0,4.0
177,2022-10-01,21,14.0,11.0,1.0,2.0,0.0,0.0,0.0,7.0,3.0
178,2022-11-01,10,16.0,10.0,1.0,4.0,0.0,2.0,1.0,6.0,3.0
179,2022-12-01,4,9.0,9.0,0.0,1.0,1.0,0.0,0.0,2.0,1.0
180,2023-01-01,15,21.0,11.0,1.0,2.0,0.0,0.0,0.0,3.0,6.0
