just_month,just_month
2008-01-01,87
2008-02-01,30
2008-03-01,37
2008-04-01,36
2008-05-01,33
2008-06-01,34
2008-07-01,46
2008-08-01,33
2008-09-01,18
2008-10-01,38
2008-11-01,40
2008-12-01,36
2009-01-01,47
2009-02-01,41
2009-03-01,67
2009-04-01,46
2009-05-01,64
2009-06-01,95
2009-07-01,48
2009-08-01,67
2009-09-01,36
2009-10-01,33
2009-11-01,22
2009-12-01,43
2010-01-01,35
2010-02-01,47
2010-03-01,83
2010-04-01,54
2010-05-01,85
2010-06-01,51
2010-07-01,85
2010-08-01,103
2010-09-01,79
2010-10-01,46
2010-11-01,58
2010-12-01,58
2011-01-01,122
2011-02-01,45
2011-03-01,113
2011-04-01,134
2011-05-01,73
2011-06-01,66
2011-07-01,66
2011-08-01,37
2011-09-01,39
2011-10-01,60
2011-11-01,56
2011-12-01,34
2012-01-01,50
2012-02-01,89
2012-03-01,84
2012-04-01,51
2012-05-01,33
2012-06-01,84
2012-07-01,41
2012-08-01,60
2012-09-01,49
2012-10-01,83
2012-11-01,79
2012-12-01,54
2013-01-01,69
2013-02-01,62
2013-03-01,79
2013-04-01,51
2013-05-01,43
2013-06-01,31
2013-07-01,31
2013-08-01,33
2013-09-01,71
2013-10-01,71
2013-11-01,78
2013-12-01,98
2014-01-01,115
2014-02-01,101
2014-03-01,94
2014-04-01,116
2014-05-01,152
2014-06-01,121
2014-07-01,109
2014-08-01,159
2014-09-01,196
2014-10-01,160
2014-11-01,130
2014-12-01,118
2015-01-01,134
2015-02-01,145
2015-03-01,181
2015-04-01,126
2015-05-01,141
2015-06-01,141
2015-07-01,131
2015-08-01,134
2015-09-01,111
2015-10-01,169
2015-11-01,130
2015-12-01,79
2016-01-01,135
2016-02-01,143
2016-03-01,87
2016-04-01,62
2016-05-01,71
2016-06-01,49
2016-07-01,53
2016-08-01,60
2016-09-01,92
2016-10-01,121
2016-11-01,58
2016-12-01,99
2017-01-01,99
2017-02-01,73
2017-03-01,94
2017-04-01,57
2017-05-01,49
2017-06-01,48
2017-07-01,42
2017-08-01,69
2017-09-01,86
2017-10-01,51
2017-11-01,42
2017-12-01,41
2018-01-01,57
2018-02-01,38
2018-03-01,63
2018-04-01,49
2018-05-01,126
2018-06-01,53
2018-07-01,65
2018-08-01,69
2018-09-01,70
2018-10-01,61
2018-11-01,64
2018-12-01,63
2019-01-01,60
2019-02-01,42
2019-03-01,90
2019-04-01,59
2019-05-01,52
2019-06-01,47
2019-07-01,54
2019-08-01,60
2019-09-01,33
2019-10-01,70
2019-11-01,64
2019-12-01,60
2020-01-01,73
2020-02-01,64
2020-03-01,50
2020-04-01,59
2020-05-01,56
2020-06-01,54
2020-07-01,36
2020-08-01,47
2020-09-01,57
2020-10-01,54
2020-11-01,67
2020-12-01,104
2021-01-01,82
2021-02-01,58
2021-03-01,52
2021-04-01,38
2021-05-01,56
2021-06-01,28
2021-07-01,56
2021-08-01,37
2021-09-01,46
2021-10-01,55
2021-11-01,55
2021-12-01,45
2022-01-01,58
2022-02-01,71
2022-03-01,80
2022-04-01,56
2022-05-01,68
2022-06-01,47
2022-07-01,55
2022-08-01,64
2022-09-01,63
2022-10-01,71
2022-11-01,72
2022-12-01,38
2023-01-01,83
