just_month,Total_issue,closed_issue,ratio,scaled
2008-01-01,87,85,0.9770114942528736,0.9649698960043789
2008-02-01,30,30,1.0,1.0
2008-03-01,37,37,1.0,1.0
2008-04-01,36,36,1.0,1.0
2008-05-01,33,33,1.0,1.0
2008-06-01,34,34,1.0,1.0
2008-07-01,46,44,0.9565217391304348,0.9337474120082816
2008-08-01,33,33,1.0,1.0
2008-09-01,18,18,1.0,1.0
2008-10-01,38,37,0.9736842105263158,0.9598997493734336
2008-11-01,40,39,0.975,0.9619047619047618
2008-12-01,36,35,0.9722222222222222,0.9576719576719577
2009-01-01,47,46,0.9787234042553191,0.96757852077001
2009-02-01,41,41,1.0,1.0
2009-03-01,67,67,1.0,1.0
2009-04-01,46,46,1.0,1.0
2009-05-01,64,61,0.953125,0.9285714285714286
2009-06-01,95,95,1.0,1.0
2009-07-01,48,48,1.0,1.0
2009-08-01,67,66,0.9850746268656716,0.9772565742714996
2009-09-01,36,35,0.9722222222222222,0.9576719576719577
2009-10-01,33,32,0.9696969696969697,0.9538239538239539
2009-11-01,22,20,0.9090909090909091,0.8614718614718615
2009-12-01,43,42,0.9767441860465116,0.9645625692137318
2010-01-01,35,35,1.0,1.0
2010-02-01,47,47,1.0,1.0
2010-03-01,83,83,1.0,1.0
2010-04-01,54,53,0.9814814814814815,0.9717813051146384
2010-05-01,85,84,0.9882352941176471,0.9820728291316527
2010-06-01,51,51,1.0,1.0
2010-07-01,85,83,0.9764705882352941,0.9641456582633052
2010-08-01,103,100,0.970873786407767,0.955617198335645
2010-09-01,79,78,0.9873417721518988,0.9807112718505124
2010-10-01,46,46,1.0,1.0
2010-11-01,58,57,0.9827586206896551,0.9737274220032841
2010-12-01,58,58,1.0,1.0
2011-01-01,122,119,0.9754098360655737,0.9625292740046838
2011-02-01,45,45,1.0,1.0
2011-03-01,113,111,0.9823008849557522,0.9730299199325747
2011-04-01,134,133,0.9925373134328358,0.9886282871357497
2011-05-01,73,72,0.9863013698630136,0.9791258969341161
2011-06-01,66,65,0.9848484848484849,0.976911976911977
2011-07-01,66,66,1.0,1.0
2011-08-01,37,35,0.9459459459459459,0.9176319176319176
2011-09-01,39,38,0.9743589743589743,0.9609279609279608
2011-10-01,60,59,0.9833333333333333,0.9746031746031745
2011-11-01,56,55,0.9821428571428571,0.9727891156462585
2011-12-01,34,32,0.9411764705882353,0.9103641456582632
2012-01-01,50,45,0.9,0.8476190476190477
2012-02-01,89,83,0.9325842696629213,0.8972712680577848
2012-03-01,84,79,0.9404761904761905,0.909297052154195
2012-04-01,51,45,0.8823529411764706,0.8207282913165266
2012-05-01,33,30,0.9090909090909091,0.8614718614718615
2012-06-01,84,79,0.9404761904761905,0.909297052154195
2012-07-01,41,40,0.975609756097561,0.9628339140534261
2012-08-01,60,56,0.9333333333333333,0.8984126984126986
2012-09-01,49,43,0.8775510204081632,0.8134110787172011
2012-10-01,83,80,0.963855421686747,0.9449225473321858
2012-11-01,79,75,0.9493670886075949,0.9228450874020493
2012-12-01,54,47,0.8703703703703703,0.8024691358024691
2013-01-01,69,65,0.9420289855072463,0.911663216011042
2013-02-01,62,57,0.9193548387096774,0.8771121351766513
2013-03-01,79,62,0.7848101265822784,0.67209162145871
2013-04-01,51,47,0.9215686274509803,0.880485527544351
2013-05-01,43,40,0.9302325581395349,0.893687707641196
2013-06-01,31,28,0.9032258064516129,0.8525345622119815
2013-07-01,31,28,0.9032258064516129,0.8525345622119815
2013-08-01,33,31,0.9393939393939394,0.9076479076479078
2013-09-01,71,59,0.8309859154929577,0.7424547283702214
2013-10-01,71,68,0.9577464788732394,0.9356136820925554
2013-11-01,78,69,0.8846153846153846,0.8241758241758241
2013-12-01,98,93,0.9489795918367347,0.9222546161321672
2014-01-01,115,104,0.9043478260869565,0.8542443064182195
2014-02-01,101,86,0.8514851485148515,0.7736916548797736
2014-03-01,94,87,0.925531914893617,0.8865248226950353
2014-04-01,116,104,0.896551724137931,0.8423645320197044
2014-05-01,152,131,0.8618421052631579,0.7894736842105263
2014-06-01,121,112,0.9256198347107438,0.886658795749705
2014-07-01,109,99,0.908256880733945,0.8602009611183923
2014-08-01,159,132,0.8301886792452831,0.7412398921832886
2014-09-01,196,147,0.75,0.6190476190476191
2014-10-01,160,136,0.85,0.7714285714285714
2014-11-01,130,100,0.7692307692307693,0.6483516483516485
2014-12-01,118,94,0.7966101694915254,0.6900726392251817
2015-01-01,134,118,0.8805970149253731,0.8180525941719972
2015-02-01,145,116,0.8,0.6952380952380954
2015-03-01,181,141,0.7790055248618785,0.6632465140752435
2015-04-01,126,108,0.8571428571428571,0.782312925170068
2015-05-01,141,117,0.8297872340425532,0.7406281661600811
2015-06-01,141,123,0.8723404255319149,0.8054711246200608
2015-07-01,131,115,0.8778625954198473,0.8138858596873864
2015-08-01,134,110,0.8208955223880597,0.7270788912579957
2015-09-01,111,98,0.8828828828828829,0.8215358215358215
2015-10-01,169,132,0.7810650887573964,0.666384897154128
2015-11-01,130,97,0.7461538461538462,0.6131868131868132
2015-12-01,79,62,0.7848101265822784,0.67209162145871
2016-01-01,135,94,0.6962962962962963,0.5372134038800707
2016-02-01,143,95,0.6643356643356644,0.4885114885114885
2016-03-01,87,67,0.7701149425287356,0.6496989600437875
2016-04-01,62,50,0.8064516129032258,0.7050691244239631
2016-05-01,71,56,0.7887323943661971,0.6780684104627765
2016-06-01,49,32,0.6530612244897959,0.47133138969873656
2016-07-01,53,33,0.6226415094339622,0.4249775381850853
2016-08-01,60,46,0.7666666666666667,0.6444444444444446
2016-09-01,92,62,0.6739130434782609,0.5031055900621118
2016-10-01,121,96,0.7933884297520661,0.6851633215269579
2016-11-01,58,49,0.8448275862068966,0.7635467980295567
2016-12-01,99,85,0.8585858585858586,0.7845117845117844
2017-01-01,99,87,0.8787878787878788,0.8152958152958154
2017-02-01,73,61,0.8356164383561644,0.7495107632093934
2017-03-01,94,84,0.8936170212765957,0.8378926038500507
2017-04-01,57,51,0.8947368421052632,0.8395989974937343
2017-05-01,49,35,0.7142857142857143,0.564625850340136
2017-06-01,48,40,0.8333333333333334,0.746031746031746
2017-07-01,42,29,0.6904761904761905,0.528344671201814
2017-08-01,69,57,0.8260869565217391,0.7349896480331264
2017-09-01,86,64,0.7441860465116279,0.6101882613510521
2017-10-01,51,37,0.7254901960784313,0.5816993464052287
2017-11-01,42,31,0.7380952380952381,0.6009070294784582
2017-12-01,41,29,0.7073170731707317,0.5540069686411149
2018-01-01,57,42,0.7368421052631579,0.5989974937343359
2018-02-01,38,29,0.7631578947368421,0.6390977443609023
2018-03-01,63,51,0.8095238095238095,0.7097505668934241
2018-04-01,49,41,0.8367346938775511,0.7512147716229349
2018-05-01,126,105,0.8333333333333334,0.746031746031746
2018-06-01,53,46,0.8679245283018868,0.7987421383647799
2018-07-01,65,50,0.7692307692307693,0.6483516483516485
2018-08-01,69,58,0.8405797101449275,0.7570738440303657
2018-09-01,70,59,0.8428571428571429,0.7605442176870749
2018-10-01,61,52,0.8524590163934426,0.775175644028103
2018-11-01,64,47,0.734375,0.5952380952380953
2018-12-01,63,51,0.8095238095238095,0.7097505668934241
2019-01-01,60,52,0.8666666666666667,0.7968253968253969
2019-02-01,42,36,0.8571428571428571,0.782312925170068
2019-03-01,90,79,0.8777777777777778,0.8137566137566137
2019-04-01,59,48,0.8135593220338984,0.7158999192897499
2019-05-01,52,48,0.9230769230769231,0.882783882783883
2019-06-01,47,38,0.8085106382978723,0.7082066869300911
2019-07-01,54,45,0.8333333333333334,0.746031746031746
2019-08-01,60,50,0.8333333333333334,0.746031746031746
2019-09-01,33,27,0.8181818181818182,0.722943722943723
2019-10-01,70,55,0.7857142857142857,0.6734693877551021
2019-11-01,64,50,0.78125,0.6666666666666667
2019-12-01,60,50,0.8333333333333334,0.746031746031746
2020-01-01,73,51,0.6986301369863014,0.5407697325505545
2020-02-01,64,53,0.828125,0.7380952380952381
2020-03-01,50,39,0.78,0.6647619047619049
2020-04-01,59,42,0.711864406779661,0.5609362389023407
2020-05-01,56,37,0.6607142857142857,0.48299319727891166
2020-06-01,54,37,0.6851851851851852,0.5202821869488536
2020-07-01,36,27,0.75,0.6190476190476191
2020-08-01,47,33,0.7021276595744681,0.5460992907801419
2020-09-01,57,42,0.7368421052631579,0.5989974937343359
2020-10-01,54,42,0.7777777777777778,0.6613756613756614
2020-11-01,67,57,0.8507462686567164,0.7725657427149966
2020-12-01,104,85,0.8173076923076923,0.7216117216117215
2021-01-01,82,61,0.7439024390243902,0.6097560975609757
2021-02-01,58,38,0.6551724137931034,0.4745484400656814
2021-03-01,52,31,0.5961538461538461,0.3846153846153846
2021-04-01,38,28,0.7368421052631579,0.5989974937343359
2021-05-01,56,38,0.6785714285714286,0.5102040816326532
2021-06-01,28,16,0.5714285714285714,0.346938775510204
2021-07-01,56,38,0.6785714285714286,0.5102040816326532
2021-08-01,37,27,0.7297297297297297,0.5881595881595882
2021-09-01,46,30,0.6521739130434783,0.46997929606625266
2021-10-01,55,39,0.7090909090909091,0.5567099567099567
2021-11-01,55,36,0.6545454545454545,0.47359307359307357
2021-12-01,45,33,0.7333333333333333,0.5936507936507935
2022-01-01,58,38,0.6551724137931034,0.4745484400656814
2022-02-01,71,40,0.5633802816901409,0.3346747149564052
2022-03-01,80,35,0.4375,0.1428571428571429
2022-04-01,56,25,0.44642857142857145,0.15646258503401367
2022-05-01,68,35,0.5147058823529411,0.26050420168067223
2022-06-01,47,20,0.425531914893617,0.12462006079027366
2022-07-01,55,32,0.5818181818181818,0.36277056277056274
2022-08-01,64,22,0.34375,0.0
2022-09-01,63,29,0.4603174603174603,0.17762660619803483
2022-10-01,71,40,0.5633802816901409,0.3346747149564052
2022-11-01,72,31,0.4305555555555556,0.13227513227513232
2022-12-01,38,20,0.5263157894736842,0.27819548872180455
2023-01-01,83,34,0.40963855421686746,0.10040160642570284
